item_id,date,p10,p50,p90
15,2018-01-01,539.8197581,574.2196227,608.6194873
15,2018-01-02,624.8944273,670.2455328,715.5966384
15,2018-01-03,622.3697588,672.5571451,722.7445314
15,2018-01-04,660.2325219,718.4156074,776.5986928
15,2018-01-05,697.272443,763.6258737,829.9793044
15,2018-01-06,739.9644045,815.3193922,890.6743799
15,2018-01-07,775.856259,859.8130463,943.7698337
15,2018-01-08,515.3011448,574.2196886,633.1382323
15,2018-01-09,598.3020238,670.2456097,742.1891955
15,2018-01-10,597.3151389,672.5572222,747.7993055
15,2018-01-11,634.9100458,718.4156897,801.9213336
15,2018-01-12,671.6535499,763.6259612,855.5983726
15,2018-01-13,713.8057004,815.3194856,916.8332708
15,2018-01-14,749.3719257,859.8131449,970.2543641
15,2018-01-15,498.2652543,574.2197544,650.1742545
15,2018-01-16,579.0964258,670.2456865,761.3949472
15,2018-01-17,578.657253,672.5572993,766.4573456
15,2018-01-18,615.5749165,718.4157721,821.2566277
15,2018-01-19,651.6788594,763.6260488,875.5732382
15,2018-01-20,693.0443543,815.3195791,937.5948039
15,2018-01-21,728.0274645,859.8132435,991.5990225
15,2018-01-22,484.3506642,574.2198202,664.0889762
15,2018-01-23,563.22379,670.2457634,777.2677367
15,2018-01-24,563.0750837,672.5573764,782.0396691
15,2018-01-25,599.2752558,718.4158545,837.5564531
15,2018-01-26,634.6974887,763.6261363,892.5547839
15,2018-01-27,675.2589625,815.3196726,955.3803826
15,2018-01-28,709.6150744,859.8133421,1010.01161
15,2018-01-29,472.2710116,574.2198861,676.1687605
15,2018-01-30,549.3637474,670.2458402,791.127933
15,2018-01-31,549.3954125,672.5574535,795.7194945
15,2018-02-01,584.8944829,718.4159368,851.9373907
15,2018-02-02,619.646136,763.6262239,907.6063118
15,2018-02-03,659.4273453,815.319766,971.2121868
15,2018-02-04,693.1597909,859.8134406,1026.46709
15,2018-02-05,461.4349773,574.2199519,687.0049265
28,2018-01-01,557.3111123,592.6663528,628.0215933
28,2018-01-02,645.8813117,692.2509149,738.6205181
28,2018-01-03,645.5155181,696.8269428,748.1383675
28,2018-01-04,686.3711902,745.8766719,805.3821537
28,2018-01-05,722.8674317,790.4708044,858.0741771
28,2018-01-06,766.8114165,843.5229371,920.2344576
28,2018-01-07,802.5464285,887.8612008,973.1759732
28,2018-01-08,531.0546521,590.7240482,650.3934442
28,2018-01-09,617.0779882,690.0359707,762.9939532
28,2018-01-10,618.046045,694.6501796,771.2543143
28,2018-01-11,658.3327483,743.601914,828.8710797
28,2018-01-12,694.3890639,788.1172136,881.8453633
28,2018-01-13,737.5690932,841.0709727,944.5728521
28,2018-01-14,772.8316157,885.3416115,997.8516074
28,2018-01-15,511.9160112,589.0874887,666.2589662
28,2018-01-16,595.3853922,688.1696893,780.9539863
28,2018-01-17,596.814306,692.8160693,788.8178326
28,2018-01-18,636.1971437,741.685235,847.1733263
28,2018-01-19,671.5050625,786.1341114,900.7631604
28,2018-01-20,713.715924,839.0049827,964.2940414
28,2018-01-21,748.2780488,883.2186422,1018.159236
28,2018-01-22,495.9228489,587.7085479,679.4942469
28,2018-01-23,577.0781651,686.5971883,796.1162115
28,2018-01-24,578.7385656,691.2706756,803.8027856
28,2018-01-25,617.2041473,740.0702705,862.9363937
28,2018-01-26,651.7316696,784.4631802,917.1946907
28,2018-01-27,692.9740073,837.2642119,981.5544165
28,2018-01-28,726.8037656,881.4298619,1036.055958
28,2018-01-29,481.8616554,586.5466744,691.2316934
28,2018-01-30,560.9047092,685.2722245,809.6397397
28,2018-01-31,562.698658,689.9685523,817.2384465
28,2018-02-01,600.2811377,738.7095283,877.137919
28,2018-02-02,634.0463359,783.0552817,932.0642275
28,2018-02-03,674.3568736,835.7974681,997.2380627
28,2018-02-04,707.4658044,879.9226666,1052.379529
28,2018-02-05,469.1603128,585.5677002,701.9750875
22,2018-01-01,515.0620416,549.1326574,583.2032732
22,2018-01-02,595.0765479,639.0867522,683.0969565
22,2018-01-03,594.1341236,642.3559025,690.5776815
22,2018-01-04,627.797431,682.9853134,738.1731958
22,2018-01-05,668.0480446,731.0336906,794.0193366
22,2018-01-06,707.1963241,778.1685482,849.1407724
22,2018-01-07,747.0554011,826.376317,905.6972328
22,2018-01-08,493.9197238,549.1327217,604.3457197
22,2018-01-09,572.0416972,639.0868271,706.1319571
22,2018-01-10,572.2765117,642.3559779,712.435444
22,2018-01-11,605.7161883,682.9853935,760.2545986
22,2018-01-12,645.4777215,731.0337763,816.5898311
22,2018-01-13,684.1577946,778.1686394,872.1794843
22,2018-01-14,723.5141452,826.3764139,929.2386826
22,2018-01-15,478.8240215,549.1327861,619.4415508
22,2018-01-16,555.0456641,639.0869021,723.12814
22,2018-01-17,555.7145091,642.3560532,728.9975972
22,2018-01-18,588.6113186,682.9854735,777.3596285
22,2018-01-19,627.6644478,731.033862,834.4032763
22,2018-01-20,665.6810569,778.1687307,890.6564045
22,2018-01-21,704.3691514,826.3765108,948.3838702
22,2018-01-22,466.3960638,549.1328505,631.8696373
22,2018-01-23,540.9005433,639.086977,737.2734107
22,2018-01-24,541.7964243,642.3561285,742.9158327
22,2018-01-25,574.1113242,682.9855536,791.8597831
22,2018-01-26,612.444606,731.0339477,849.6232895
22,2018-01-27,649.7810305,778.1688219,906.5566133
22,2018-01-28,687.786139,826.3766077,964.9670763
22,2018-01-29,455.5665586,549.1329149,642.6992713
22,2018-01-30,528.506652,639.0870519,749.6674518
22,2018-01-31,529.5392725,642.3562038,755.1731351
22,2018-02-01,561.2813911,682.9856337,804.6898763
22,2018-02-02,598.9186457,731.0340334,863.1494212
22,2018-02-03,635.5928325,778.1689132,920.7449939
22,2018-02-04,672.9320066,826.3767046,979.8214025
22,2018-02-05,445.8314238,549.1329793,652.4345348
4,2018-01-01,133.0175708,148.1988483,163.3801259
4,2018-01-02,153.6902116,171.8238939,189.9575762
4,2018-01-03,153.8050644,172.5330231,191.2609819
4,2018-01-04,164.4154361,185.043659,205.671882
4,2018-01-05,174.3076644,196.8097305,219.3117966
4,2018-01-06,185.345207,209.9329898,234.5207725
4,2018-01-07,194.5081652,220.9933833,247.4786013
4,2018-01-08,130.0425899,148.1988717,166.3551536
4,2018-01-09,150.3250025,171.8239211,193.3228396
4,2018-01-10,150.5043173,172.5330504,194.5617834
4,2018-01-11,160.9536561,185.0436883,209.1337204
4,2018-01-12,170.7036317,196.8097616,222.9158914
4,2018-01-13,181.578735,209.9330229,238.2873108
4,2018-01-14,190.6203278,220.9934181,251.3665085
4,2018-01-15,127.4841423,148.1988951,168.9136479
4,2018-01-16,147.4120446,171.8239482,196.2358517
4,2018-01-17,147.6300386,172.5330776,197.4361166
4,2018-01-18,157.922531,185.0437175,212.164904
4,2018-01-19,167.5318864,196.8097926,226.0876988
4,2018-01-20,178.2484044,209.933056,241.6177076
4,2018-01-21,187.1676264,220.993453,254.8192796
4,2018-01-22,125.2027631,148.1989185,171.1950739
4,2018-01-23,144.8046482,171.8239753,198.8433024
4,2018-01-24,145.0480862,172.5331048,200.0181235
4,2018-01-25,155.1905716,185.0437467,214.8969217
4,2018-01-26,164.6641925,196.8098237,228.9554549
4,2018-01-27,175.2284056,209.9330892,244.6377727
4,2018-01-28,184.0279065,220.9934879,257.9590693
4,2018-01-29,123.122701,148.1989419,173.2751828
4,2018-01-30,142.421392,171.8240024,201.2266129
4,2018-01-31,142.6824907,172.5331321,202.3837734
4,2018-02-01,152.6819045,185.0437759,217.4056473
4,2018-02-02,162.0252493,196.8098548,231.5944602
4,2018-02-03,172.4436455,209.9331223,247.4225991
4,2018-02-04,181.1271301,220.9935228,260.8599155
4,2018-02-05,121.1973764,148.1989653,175.2005542
37,2018-01-01,169.3290066,186.3293185,203.3296304
37,2018-01-02,197.1087105,218.0721719,239.0356332
37,2018-01-03,193.9817663,215.732694,237.4836217
37,2018-01-04,208.8993057,233.4962899,258.0932741
37,2018-01-05,218.558951,245.4911504,272.4233497
37,2018-01-06,233.1536631,263.1342683,293.1148734
37,2018-01-07,246.9592831,280.0129925,313.0667019
37,2018-01-08,162.7430573,185.3655101,207.9879629
37,2018-01-09,189.6437771,216.9684644,244.2931517
37,2018-01-10,186.8132084,214.6643613,242.5155143
37,2018-01-11,201.3529072,232.3649317,263.3769561
37,2018-01-12,210.8290142,244.3273501,277.825686
37,2018-01-13,225.0694151,261.9137746,298.758134
37,2018-01-14,238.5544947,278.7422866,318.9300784
37,2018-01-15,157.3010579,184.5425145,211.7839712
37,2018-01-16,183.4070162,216.0260092,248.6450022
37,2018-01-17,180.7659854,213.7521128,246.7382401
37,2018-01-18,194.9325088,231.3988658,267.8652229
37,2018-01-19,204.2024676,243.3335821,282.4646966
37,2018-01-20,218.091964,260.8715962,303.6512284
37,2018-01-21,231.2559054,277.6572323,324.0585592
37,2018-01-22,152.5490361,183.8397597,215.1304834
37,2018-01-23,177.933443,215.2212481,252.5090531
37,2018-01-24,175.4341856,212.9731451,250.5121047
37,2018-01-25,189.2475995,230.5739439,271.9002883
37,2018-01-26,198.3119973,242.4850055,286.6580137
37,2018-01-27,211.867029,259.9816823,308.0963356
37,2018-01-28,224.7224845,276.7307068,328.7389292
37,2018-01-29,148.2818147,183.239679,218.1975433
37,2018-01-30,173.0038303,214.5340646,256.0642989
37,2018-01-31,170.6190237,212.3079868,253.9969499
37,2018-02-01,184.1002495,229.8695454,275.6388414
37,2018-02-02,192.9655159,241.7604085,290.5553011
37,2018-02-03,206.2039623,259.2217877,312.2396131
37,2018-02-04,218.7658298,275.9395499,333.11327
37,2018-02-05,144.383263,182.7272723,221.0712816
2,2018-01-01,376.4811975,404.2886006,432.0960037
2,2018-01-02,439.1015472,476.0829127,513.0642782
2,2018-01-03,433.2644002,473.8561079,514.4478157
2,2018-01-04,462.3633018,509.7546702,557.1460385
2,2018-01-05,489.0184259,543.2009902,597.3835544
2,2018-01-06,514.5825156,575.6583601,636.7342047
2,2018-01-07,540.2736285,608.4802089,676.6867892
2,2018-01-08,356.6671041,404.2886616,451.9102192
2,2018-01-09,417.4164058,476.0829846,534.7495633
2,2018-01-10,412.9948543,473.8561795,534.7175047
2,2018-01-11,441.7281171,509.7547472,577.7813773
2,2018-01-12,468.0854266,543.2010722,618.3167177
2,2018-01-13,493.3639265,575.6584471,657.9529676
2,2018-01-14,518.7376304,608.4803007,698.2229711
2,2018-01-15,342.8829269,404.2887227,465.6945185
2,2018-01-16,401.7363728,476.0830565,550.4297401
2,2018-01-17,397.8830159,473.856251,549.8294862
2,2018-01-18,425.9543091,509.7548241,593.5553391
2,2018-01-19,451.746261,543.2011542,634.6560474
2,2018-01-20,476.5050791,575.658534,674.8119888
2,2018-01-21,501.3625034,608.4803926,715.5982818
2,2018-01-22,331.612276,404.2887837,476.9652914
2,2018-01-23,388.7637659,476.0831283,563.4024908
2,2018-01-24,385.2490723,473.8563226,562.4635729
2,2018-01-25,412.6429711,509.7549011,606.866831
2,2018-01-26,437.8411606,543.2012362,648.5613118
2,2018-01-27,462.0478334,575.6586209,689.2694084
2,2018-01-28,486.3587076,608.4804845,730.6022614
2,2018-01-29,321.817831,404.2888448,486.7598586
2,2018-01-30,377.4244104,476.0832002,574.74199
2,2018-01-31,374.146306,473.8563941,573.5664822
2,2018-02-01,400.8867178,509.7549781,618.6232384
2,2018-02-02,425.5038746,543.2013182,660.8987619
2,2018-02-03,449.1656538,575.6587078,702.1517618
2,2018-02-04,472.9360785,608.4805764,744.0250742
2,2018-02-05,313.0228203,404.2889058,495.5549914
7,2018-01-01,379.9025596,408.490652,437.0787444
7,2018-01-02,441.0009265,477.1648896,513.3288528
7,2018-01-03,438.2833423,477.0513873,515.8194323
7,2018-01-04,467.5965213,511.8598511,556.123181
7,2018-01-05,492.7117313,542.312645,591.9135588
7,2018-01-06,520.9089001,576.3912944,631.8736888
7,2018-01-07,546.9451794,608.3185995,669.6920197
7,2018-01-08,363.9600175,406.8321189,449.7042203
7,2018-01-09,423.1254854,475.283403,527.4413206
7,2018-01-10,421.0552877,475.2246314,529.3939751
7,2018-01-11,449.7152871,509.9564016,570.197516
7,2018-01-12,474.334075,540.3542176,606.3743601
7,2018-01-13,501.9171499,574.3699732,646.8227965
7,2018-01-14,527.4179318,606.2470178,685.0761037
7,2018-01-15,351.2157931,405.48678,459.7577668
7,2018-01-16,408.575042,473.7572131,538.9393841
7,2018-01-17,406.8189293,473.7428374,540.6667456
7,2018-01-18,434.7496882,508.412397,582.0751059
7,2018-01-19,458.7840809,538.7656175,618.7471542
7,2018-01-20,485.6946688,572.7303568,659.7660447
7,2018-01-21,510.5992084,604.5666324,698.5340564
7,2018-01-22,340.1585979,404.3954945,468.6323912
7,2018-01-23,395.8682964,472.5192289,549.1701614
7,2018-01-24,394.3138024,472.5408658,550.7679292
7,2018-01-25,421.5347989,507.1599632,592.7851274
7,2018-01-26,444.9876983,537.4770101,629.9663219
7,2018-01-27,471.2391789,571.4003673,671.5615557
7,2018-01-28,495.5529484,603.2035734,710.8541984
7,2018-01-29,330.2306103,403.5102893,476.7899684
7,2018-01-30,384.4208808,471.5150282,558.6091755
7,2018-01-31,383.01299,471.5658774,560.1187648
7,2018-02-01,409.5580897,506.1440423,602.729995
7,2018-02-02,432.4503363,536.4317473,640.4131582
7,2018-02-03,458.0698278,570.3215377,682.5732476
7,2018-02-04,481.8130882,602.0979197,722.3827513
7,2018-02-05,321.1445401,402.79225,484.43996
24,2018-01-01,415.4104473,445.3912423,475.3720372
24,2018-01-02,481.4596928,520.2445301,559.0293673
24,2018-01-03,477.9568065,520.1684026,562.3799988
24,2018-01-04,505.9562979,554.3235809,602.6908638
24,2018-01-05,538.8499773,594.0770034,649.3040296
24,2018-01-06,565.2919382,626.9481289,688.6043197
24,2018-01-07,598.5416206,667.6036153,736.66561
24,2018-01-08,397.1480595,445.3913007,493.634542
24,2018-01-09,461.4690569,520.2445983,579.0201397
24,2018-01-10,459.0721171,520.1684709,581.2648246
24,2018-01-11,486.8230049,554.3236536,621.8243023
24,2018-01-12,519.2577354,594.0770814,668.8964273
24,2018-01-13,545.4563415,626.9482112,708.4400809
24,2018-01-14,578.2101806,667.6037029,756.9972251
24,2018-01-15,384.0544211,445.3913591,506.7282972
24,2018-01-16,446.6688962,520.2446665,593.8204369
24,2018-01-17,444.7215915,520.1685391,595.6154867
24,2018-01-18,471.9649002,554.3237263,636.6825523
24,2018-01-19,503.7611189,594.0771593,684.3931996
24,2018-01-20,529.5173886,626.9482934,724.3791982
24,2018-01-21,561.646566,667.6037904,773.5610149
24,2018-01-22,373.2574843,445.3914175,517.5253508
24,2018-01-23,434.3332102,520.2447348,606.1562593
24,2018-01-24,432.645533,520.1686073,607.6916816
24,2018-01-25,459.3535278,554.323799,649.2940702
24,2018-01-26,490.5048905,594.0772372,697.6495839
24,2018-01-27,515.78584,626.9483756,738.1109113
24,2018-01-28,547.2842391,667.603878,787.9235168
24,2018-01-29,363.8397083,445.391476,526.9432437
24,2018-01-30,423.5143015,520.244803,616.9753045
24,2018-01-31,422.0007488,520.1686755,618.3366022
24,2018-02-01,448.184771,554.3238717,660.4629724
24,2018-02-02,478.7139109,594.0773151,709.4407194
24,2018-02-03,503.5225136,626.9484579,750.3744022
24,2018-02-04,534.4089584,667.6039655,800.7989727
24,2018-02-05,355.3670543,445.3915344,535.4160144
21,2018-01-01,248.7211657,271.2883708,293.8555758
21,2018-01-02,289.3765116,317.5145206,345.6525296
21,2018-01-03,286.6263011,316.2847298,345.9431585
21,2018-01-04,307.6632335,341.3489167,375.0345999
21,2018-01-05,324.0661115,361.4353616,398.8046118
21,2018-01-06,340.4975363,381.689157,422.8807778
21,2018-01-07,361.0096966,406.6749405,452.3401844
21,2018-01-08,238.9961271,270.5169793,302.0378315
21,2018-01-09,278.4399991,316.6334523,354.8269055
21,2018-01-10,276.122114,315.4282406,354.7343671
21,2018-01-11,296.7007369,340.4468567,384.1929764
21,2018-01-12,312.8140913,360.5032748,408.1924583
21,2018-01-13,328.9548225,380.7286067,432.5023909
21,2018-01-14,349.0414322,405.6762335,462.3110348
21,2018-01-15,231.2363945,269.8687016,308.5010087
21,2018-01-16,269.5747478,315.8930025,362.2112571
21,2018-01-17,267.4912028,314.7084472,361.9256915
21,2018-01-18,287.5867129,339.6887658,391.7908188
21,2018-01-19,303.3623999,359.7199496,416.0774993
21,2018-01-20,319.1700958,379.9213611,440.6726264
21,2018-01-21,338.8131336,404.8369213,470.860709
21,2018-01-22,224.5561908,269.32389,314.0915892
21,2018-01-23,261.8923883,315.2707297,368.6490711
21,2018-01-24,259.9670699,314.1035342,368.2399986
21,2018-01-25,279.5979836,339.051668,398.5053525
21,2018-01-26,295.036218,359.0616452,423.0870724
21,2018-01-27,310.5108568,379.2429542,447.9750516
21,2018-01-28,329.7228865,404.1315661,478.5402456
21,2018-01-29,218.5958868,268.8660323,319.1361777
21,2018-01-30,255.0128713,314.7477741,374.4826769
21,2018-01-31,253.2062944,313.595168,373.9840416
21,2018-02-01,272.3969024,338.516254,404.6356055
21,2018-02-02,287.5085803,358.5084094,429.5082386
21,2018-02-03,302.660189,378.6728247,454.6854605
21,2018-02-04,321.4597438,403.5387896,485.6178353
21,2018-02-05,213.16443,268.4812514,323.7980729
41,2018-01-01,129.4049329,143.7646504,158.1243678
41,2018-01-02,151.8777695,169.4724088,187.0670481
41,2018-01-03,150.3834729,168.5185186,186.6535644
41,2018-01-04,160.1619689,180.2167544,200.27154
41,2018-01-05,170.9426036,193.1190525,215.2955013
41,2018-01-06,179.3543196,203.4140686,227.4738175
41,2018-01-07,191.6667565,218.2073789,244.7480012
41,2018-01-08,125.8092073,143.7646751,161.7201428
41,2018-01-09,147.7671621,169.4724379,191.1777138
41,2018-01-10,146.4121769,168.5185476,190.6249183
41,2018-01-11,156.0289239,180.2167854,204.4046468
41,2018-01-12,166.6261604,193.1190856,219.6120109
41,2018-01-13,174.9174322,203.4141035,231.9107748
41,2018-01-14,187.0164833,218.2074164,249.3983494
41,2018-01-15,122.8125736,143.7646998,164.716826
41,2018-01-16,144.308675,169.472467,194.6362591
41,2018-01-17,143.0421713,168.5185765,193.9949818
41,2018-01-18,152.494386,180.2168164,207.9392468
41,2018-01-19,162.9086865,193.1191188,223.3295512
41,2018-01-20,171.0715567,203.4141384,235.7567202
41,2018-01-21,182.9617789,218.2074539,253.4531288
41,2018-01-22,120.1854721,143.7647245,167.3439768
41,2018-01-23,141.2614079,169.4724962,197.6835844
41,2018-01-24,140.0590107,168.5186055,196.9782003
41,2018-01-25,149.352012,180.2168473,211.0816826
41,2018-01-26,159.5903179,193.119152,226.6479861
41,2018-01-27,167.6256112,203.4141734,239.2027356
41,2018-01-28,179.3158772,218.2074914,257.0991055
41,2018-01-29,117.8153982,143.7647492,169.7141002
41,2018-01-30,138.5037009,169.4725253,200.4413496
41,2018-01-31,137.3513855,168.5186345,199.6858834
41,2018-02-01,146.4919691,180.2168783,213.9417875
41,2018-02-02,156.5621748,193.1191852,229.6761956
41,2018-02-03,164.4732434,203.4142083,242.3551733
41,2018-02-04,175.972738,218.2075288,260.4423196
41,2018-02-05,115.6372788,143.7647739,171.8922689
19,2018-01-01,245.6195686,266.8266483,288.033728
19,2018-01-02,284.9621055,311.5171215,338.0721374
19,2018-01-03,285.9032272,314.4151491,342.927071
19,2018-01-04,304.3780147,336.6449309,368.9118471
19,2018-01-05,320.0610741,355.9333256,391.8055771
19,2018-01-06,340.2850205,380.4275398,420.5700591
19,2018-01-07,356.3893894,400.4740464,444.5587035
19,2018-01-08,235.4417252,265.8829658,296.3242065
19,2018-01-09,273.5731739,310.4416725,347.3101712
19,2018-01-10,274.8416468,313.3556104,351.869574
19,2018-01-11,292.9434581,335.5375795,378.131701
19,2018-01-12,308.3570953,354.7905088,401.2239222
19,2018-01-13,328.1467492,379.2352844,430.3238197
19,2018-01-14,343.9660298,399.2489905,454.5319511
19,2018-01-15,227.4087758,265.0890932,302.7694105
19,2018-01-16,264.4248111,309.5369516,354.6490922
19,2018-01-17,265.8226901,312.4642741,359.105858
19,2018-01-18,283.5000575,334.6060211,385.7119847
19,2018-01-19,298.5827646,353.8291152,409.0754659
19,2018-01-20,317.9099221,378.232301,438.55468
19,2018-01-21,333.3974456,398.2184139,463.0393822
19,2018-01-22,220.5219622,264.4212491,308.320536
19,2018-01-23,256.526971,308.7758568,361.0247427
19,2018-01-24,257.9874608,311.7144392,365.4414177
19,2018-01-25,275.2491023,333.8223497,392.3955971
19,2018-01-26,289.9980292,353.0203454,416.0426615
19,2018-01-27,308.875905,377.388544,445.9011831
19,2018-01-28,324.0295315,397.3514444,470.6733573
19,2018-01-29,214.392669,263.8594274,313.3261858
19,2018-01-30,249.4713289,308.1355885,366.7998481
19,2018-01-31,250.9631873,311.0836436,371.2040998
19,2018-02-01,267.8279219,333.1630893,398.4982567
19,2018-02-02,282.2530045,352.3399712,422.4269379
19,2018-02-03,300.7021589,376.6787374,452.6553159
19,2018-02-04,315.5308281,396.6221106,477.7133931
19,2018-02-05,208.8179572,263.3867979,317.9556386
18,2018-01-01,524.6642774,557.5363667,590.408456
18,2018-01-02,604.0847257,647.4517668,690.818808
18,2018-01-03,604.6502779,653.0716161,701.4929543
18,2018-01-04,644.7016706,701.2789063,757.856142
18,2018-01-05,680.764633,745.4088978,810.0531625
18,2018-01-06,716.5663028,789.4983595,862.4304162
18,2018-01-07,753.4847588,835.0792641,916.6737694
18,2018-01-08,500.2393309,557.5364303,614.8335297
18,2018-01-09,577.7915439,647.4518406,717.1121374
18,2018-01-10,579.7903575,653.0716906,726.3530237
18,2018-01-11,619.4755349,701.2789862,783.0824376
18,2018-01-12,655.2686129,745.4089828,835.5493526
18,2018-01-13,690.7621425,789.4984495,888.2347565
18,2018-01-14,727.2983708,835.0793593,942.8603478
18,2018-01-15,483.4094216,557.5364939,631.6635661
18,2018-01-16,558.9239058,647.4519145,735.9799231
18,2018-01-17,561.3727611,653.071765,744.770769
18,2018-01-18,600.2956285,701.2790662,802.2625039
18,2018-01-19,635.4605253,745.4090677,855.3576102
18,2018-01-20,670.3444242,789.4985395,908.6526548
18,2018-01-21,706.2494505,835.0794545,963.9094585
18,2018-01-22,469.6945926,557.5365574,645.3785223
18,2018-01-23,543.3620778,647.4519883,751.5418987
18,2018-01-24,546.0188493,653.0718395,760.1248296
18,2018-01-25,584.1527255,701.2791461,818.4055668
18,2018-01-26,618.6450361,745.4091527,872.1732693
18,2018-01-27,652.8761512,789.4986295,926.1211078
18,2018-01-28,688.1134294,835.0795497,982.0456701
18,2018-01-29,457.8011587,557.536621,657.2720833
18,2018-01-30,529.7867924,647.4520621,765.1173318
18,2018-01-31,532.5517237,653.0719139,773.5921041
18,2018-02-01,569.9220763,701.2792261,832.6363758
18,2018-02-02,603.7521252,745.4092377,887.0663502
18,2018-02-03,637.337831,789.4987195,941.659608
18,2018-02-04,671.9157837,835.0796449,998.2435061
18,2018-02-05,447.138682,557.5366845,667.9346871
50,2018-01-01,401.1532434,430.1822539,459.2112644
50,2018-01-02,459.7094603,497.0923575,534.4752547
50,2018-01-03,462.6424316,504.0818472,545.5212628
50,2018-01-04,493.9342794,541.9896778,590.0450762
50,2018-01-05,518.1783468,572.3744338,626.5705209
50,2018-01-06,547.1446504,608.1757167,669.2067831
50,2018-01-07,574.0822916,641.9463223,709.8103529
50,2018-01-08,382.5064924,430.1823126,477.8581329
50,2018-01-09,439.5720249,497.0924254,554.6128258
50,2018-01-10,443.3877912,504.081916,564.7760408
50,2018-01-11,474.2823542,541.9897518,609.6971495
50,2018-01-12,498.3737666,572.374512,646.3752573
50,2018-01-13,526.9776127,608.1757998,689.3739868
50,2018-01-14,553.6094993,641.9464099,730.2833205
50,2018-01-15,369.2726237,430.1823714,491.092119
50,2018-01-16,424.7828688,497.0924932,569.4021176
50,2018-01-17,428.8519479,504.0819848,579.3120216
50,2018-01-18,459.1047266,541.9898258,624.874925
50,2018-01-19,482.7815037,572.3745901,661.9676764
50,2018-01-20,510.8364625,608.1758828,705.5153031
50,2018-01-21,536.9879238,641.9464975,746.9050712
50,2018-01-22,358.3927684,430.1824301,501.9720917
50,2018-01-23,412.4889026,497.0925611,581.6962196
50,2018-01-24,416.6485734,504.0820536,591.5155338
50,2018-01-25,446.2490236,541.9898998,637.730776
50,2018-01-26,469.4683799,572.3746682,675.2809565
50,2018-01-27,496.9540895,608.1759658,719.397842
50,2018-01-28,522.5972058,641.9465851,761.2959645
50,2018-01-29,348.9157061,430.1824888,511.4492715
50,2018-01-30,401.720041,497.0926289,592.4652168
50,2018-01-31,405.903788,504.0821224,602.2604568
50,2018-02-01,434.8756931,541.9899738,649.1042545
50,2018-02-02,457.638023,572.3747463,687.1114697
50,2018-02-03,484.5668336,608.1760488,731.785264
50,2018-02-04,509.7067505,641.9466728,774.186595
50,2018-02-05,340.3959532,430.1825475,519.9691418
5,2018-01-01,111.1262564,124.5502686,137.9742808
5,2018-01-02,130.462246,146.988744,163.5152421
5,2018-01-03,130.280987,147.5298113,164.7786356
5,2018-01-04,138.8057214,157.9580937,177.1104661
5,2018-01-05,147.3461749,168.4814226,189.6166704
5,2018-01-06,155.4211673,178.5461088,201.6710503
5,2018-01-07,162.4209719,187.4401196,212.4592672
5,2018-01-08,107.3221803,124.4081014,141.4940225
5,2018-01-09,126.1092095,146.8263852,167.543561
5,2018-01-10,126.0364367,147.3721207,168.7078048
5,2018-01-11,134.3831583,157.7947135,181.2062687
5,2018-01-12,142.7487373,168.3127911,193.8768448
5,2018-01-13,150.6664322,178.3731813,206.0799304
5,2018-01-14,157.5437644,187.2644483,216.9851321
5,2018-01-15,104.1558694,124.2952756,144.4346818
5,2018-01-16,122.4504156,146.6975354,170.9446551
5,2018-01-17,122.4375639,147.2469758,172.0563877
5,2018-01-18,130.6038136,157.6650534,184.7262932
5,2018-01-19,138.7919666,168.1789637,197.5659609
5,2018-01-20,146.5477854,178.2359449,209.9241044
5,2018-01-21,153.2940411,187.1250347,220.9560283
5,2018-01-22,101.3819444,124.2057367,147.0295289
5,2018-01-23,119.2290209,146.5952799,173.9615389
5,2018-01-24,119.2542907,147.1476608,175.041031
5,2018-01-25,127.2465893,157.5621554,187.8777216
5,2018-01-26,135.2631268,168.0727589,200.882391
5,2018-01-27,142.8609216,178.1270349,213.3931483
5,2018-01-28,149.4766147,187.0143971,224.5521796
5,2018-01-29,98.88206382,124.1346794,149.3872951
5,2018-01-30,116.3169831,146.5141312,176.7112792
5,2018-01-31,116.3684108,147.0688459,177.7692809
5,2018-02-01,124.1947226,157.4804973,190.766272
5,2018-02-02,132.0469963,167.9884767,203.9299571
5,2018-02-03,139.4925785,178.0406062,216.588634
5,2018-02-04,145.9809225,186.9265978,227.8722731
5,2018-02-05,96.58784013,124.0782903,151.5687404
25,2018-01-01,531.3937975,567.3624774,603.3311573
25,2018-01-02,615.1464113,661.7621886,708.3779659
25,2018-01-03,616.6147908,667.9918783,719.3689658
25,2018-01-04,652.1220863,711.1027435,770.0834006
25,2018-01-05,692.841495,760.2117796,827.5820642
25,2018-01-06,725.5336124,800.8180001,876.1023879
25,2018-01-07,767.5503682,852.0344299,936.5184916
25,2018-01-08,506.3676737,565.2034202,624.0391667
25,2018-01-09,587.52764,659.2956785,731.063717
25,2018-01-10,590.0418292,665.5533694,741.0649097
25,2018-01-11,625.0083466,708.560292,792.1122375
25,2018-01-12,664.9364507,757.5497243,850.1629978
25,2018-01-13,697.134218,798.071538,899.008858
25,2018-01-14,738.2733981,849.1725629,960.0717276
25,2018-01-15,487.5040681,563.3441417,639.1842153
25,2018-01-16,566.1105565,657.1716364,748.2327162
25,2018-01-17,568.9603559,663.4534408,757.9465257
25,2018-01-18,603.0899302,706.3708533,809.6517764
25,2018-01-19,642.0198042,755.2572887,868.4947732
25,2018-01-20,673.4960534,795.7064157,917.916778
25,2018-01-21,713.6205737,846.7080597,979.7955457
25,2018-01-22,471.4583936,561.7430201,652.0276466
25,2018-01-23,547.7300951,655.3425133,762.9549314
25,2018-01-24,550.7246714,661.6450834,772.5654954
25,2018-01-25,583.9963194,704.4854144,824.9745094
25,2018-01-26,621.9299595,753.2831541,884.6363487
25,2018-01-27,652.6549874,793.6696871,934.6843869
25,2018-01-28,691.7719326,844.5857495,997.3995665
25,2018-01-29,457.170459,560.3642124,663.5579659
25,2018-01-30,531.2921615,653.767362,776.2425626
25,2018-01-31,534.3512303,660.0878149,785.8243994
25,2018-02-01,566.789576,702.8617674,838.9339588
25,2018-02-02,603.7638971,751.5831271,899.402357
25,2018-02-03,633.7502054,791.9157576,950.0813098
25,2018-02-04,671.8950238,842.7581217,1013.62122
25,2018-02-05,444.136333,559.1768521,674.2173712
48,2018-01-01,317.2567575,341.3543971,365.4520366
48,2018-01-02,364.8011639,395.3177601,425.8343564
48,2018-01-03,366.1115649,399.3702758,432.6289867
48,2018-01-04,388.1067378,425.9988641,463.8909905
48,2018-01-05,415.3949223,458.6362808,501.8776392
48,2018-01-06,433.2519878,481.034583,528.8171781
48,2018-01-07,458.9817489,512.33739,565.693031
48,2018-01-08,304.2347004,341.3544431,378.4741858
48,2018-01-09,350.5847932,395.3178134,440.0508337
48,2018-01-10,352.480943,399.3703297,446.2597164
48,2018-01-11,374.2344225,425.9989216,477.7634206
48,2018-01-12,401.0837894,458.6363426,516.1888959
48,2018-01-13,418.8178496,481.0346478,543.2514461
48,2018-01-14,444.1538032,512.3374591,580.5211149
48,2018-01-15,294.6815265,341.3544892,388.0274518
48,2018-01-16,339.8627779,395.3178668,450.7729556
48,2018-01-17,341.9628501,399.3703836,456.777917
48,2018-01-18,363.3213962,425.998979,488.6765619
48,2018-01-19,389.6380783,458.6364045,527.6347307
48,2018-01-20,407.1071922,481.0347127,554.9622333
48,2018-01-21,431.9715977,512.3375282,592.7034587
48,2018-01-22,286.7451916,341.3545352,395.9638788
48,2018-01-23,330.8667569,395.3179201,459.7690832
48,2018-01-24,333.0591139,399.3704374,465.681761
48,2018-01-25,354.008879,425.9990365,497.989194
48,2018-01-26,379.7995596,458.6364664,537.4733731
48,2018-01-27,396.9737955,481.0347776,565.0957597
48,2018-01-28,421.3657825,512.3375973,603.3094121
48,2018-01-29,279.7970145,341.3545812,402.9121479
48,2018-01-30,322.9500365,395.3179734,467.6859103
48,2018-01-31,325.186034,399.3704913,473.5549486
48,2018-02-01,345.7376769,425.999094,506.260511
48,2018-02-02,371.0249541,458.6365282,546.2481023
48,2018-02-03,387.9012356,481.0348425,574.1684494
48,2018-02-04,411.83589,512.3376664,612.8394428
48,2018-02-05,273.5325061,341.3546273,409.1767485
43,2018-01-01,316.8630271,341.4933221,366.1236171
43,2018-01-02,361.4720882,392.1967905,422.9214928
43,2018-01-03,363.8707629,397.2821523,430.6935418
43,2018-01-04,385.2812294,423.1501141,461.0189988
43,2018-01-05,409.3185421,452.0766203,494.8346985
43,2018-01-06,429.3293178,476.7214929,524.113668
43,2018-01-07,455.7708182,508.6854735,561.6001287
43,2018-01-08,304.4615889,341.4933679,378.5251469
43,2018-01-09,348.0016164,392.1968431,436.3920699
43,2018-01-10,350.8875863,397.2822056,443.6768249
43,2018-01-11,372.0602194,423.1501709,474.2401223
43,2018-01-12,395.7611194,452.0766809,508.3922424
43,2018-01-13,415.561975,476.7215569,537.8811388
43,2018-01-14,441.5846517,508.6855417,575.7864317
43,2018-01-15,295.2430322,341.4934137,387.7437953
43,2018-01-16,337.7318061,392.1968957,446.6619854
43,2018-01-17,340.778057,397.2822589,453.7864609
43,2018-01-18,361.5791674,423.1502276,484.7212879
43,2018-01-19,384.8459579,452.0767416,519.3075253
43,2018-01-20,404.327426,476.7216208,549.1158157
43,2018-01-21,429.8701594,508.68561,587.5010605
43,2018-01-22,287.5499803,341.4934595,395.4369388
43,2018-01-23,329.0803333,392.1969483,455.3135633
43,2018-01-24,332.1890732,397.2823122,462.3755512
43,2018-01-25,352.6059152,423.1502844,493.6946536
43,2018-01-26,375.4355473,452.0768022,528.7180572
43,2018-01-27,394.5796315,476.7216848,558.863738
43,2018-01-28,419.6462198,508.6856782,597.7251365
43,2018-01-29,280.7994504,341.4935054,402.1875603
43,2018-01-30,321.4508532,392.197001,462.9431487
43,2018-01-31,324.579601,397.2823655,469.98513
43,2018-02-01,344.6217505,423.1503412,501.6789318
43,2018-02-02,367.0287889,452.0768629,537.1249368
43,2018-02-03,385.8387986,476.7217487,567.6046988
43,2018-02-04,410.4462116,508.6857464,606.9252813
43,2018-02-05,274.7049439,341.4935512,408.2821584
32,2018-01-01,274.9771618,298.1496458,321.3221298
32,2018-01-02,320.0396504,349.0531403,378.0666302
32,2018-01-03,322.0483458,353.1978284,384.3473111
32,2018-01-04,341.512453,376.5260311,411.5396091
32,2018-01-05,356.9731025,395.5626618,434.1522212
32,2018-01-06,380.4353619,423.6092349,466.7831079
32,2018-01-07,403.9516989,451.9006074,499.8495158
32,2018-01-08,265.2925047,298.1511079,331.0097112
32,2018-01-09,309.229744,349.0548521,388.8799602
32,2018-01-10,311.5734975,353.1995605,394.8256236
32,2018-01-11,330.7797711,376.5278776,422.275984
32,2018-01-12,346.1027318,395.5646017,445.0264716
32,2018-01-13,369.1828963,423.6113123,478.0397283
32,2018-01-14,392.3221826,451.9028235,511.4834645
32,2018-01-15,257.848323,298.1525701,338.4568172
32,2018-01-16,300.7547319,349.0565639,397.3583958
32,2018-01-17,303.2212289,353.2012927,403.1813564
32,2018-01-18,322.0957668,376.5297241,430.9636814
32,2018-01-19,337.1939158,395.5665416,453.9391674
32,2018-01-20,359.8559467,423.6133897,487.3708328
32,2018-01-21,382.5850236,451.9050397,521.2250558
32,2018-01-22,251.5578404,298.1540322,344.750224
32,2018-01-23,293.5346222,349.0582757,404.5819291
32,2018-01-24,296.0529263,353.2030248,410.3531232
32,2018-01-25,314.5923905,376.5315706,438.4707507
32,2018-01-26,329.4486815,395.5684815,461.6882814
32,2018-01-27,351.7011034,423.6154672,495.5298309
32,2018-01-28,374.0268944,451.9072559,529.7876173
32,2018-01-29,246.0017447,298.1554944,350.3092442
32,2018-01-30,287.12876,349.0599875,410.9912149
32,2018-01-31,289.6664169,353.2047569,416.7430969
32,2018-02-01,307.8812487,376.5334172,445.1855856
32,2018-02-02,322.4959158,395.5704214,468.6449269
32,2018-02-03,344.3555724,423.6175446,502.8795168
32,2018-02-04,366.2933034,451.909472,537.5256407
32,2018-02-05,240.9654759,298.1569566,355.3484373
31,2018-01-01,370.6277999,398.2558969,425.8839938
31,2018-01-02,429.5451313,464.8142711,500.083411
31,2018-01-03,428.9941487,467.2655944,505.5370401
31,2018-01-04,452.9374914,496.3983237,539.8591561
31,2018-01-05,480.5627013,529.7722829,578.9818645
31,2018-01-06,504.109486,558.8566976,613.6039093
31,2018-01-07,533.9884885,595.1818106,656.3751326
31,2018-01-08,354.5214086,397.2116119,439.9018153
31,2018-01-09,411.7172394,463.6262095,515.5351796
31,2018-01-10,411.8935519,466.1014104,520.3092689
31,2018-01-11,435.52043,495.1927825,554.8651351
31,2018-01-12,462.6731204,528.5181872,594.363254
31,2018-01-13,485.8892487,557.5671793,629.24511
31,2018-01-14,515.2039296,593.8431876,672.4824456
31,2018-01-15,342.3581691,396.3408333,450.3234974
31,2018-01-16,397.9157582,462.6355426,527.3553271
31,2018-01-17,398.3819234,465.1306543,531.8793852
31,2018-01-18,421.5206537,494.1875409,566.8544281
31,2018-01-19,448.0815411,527.4724586,606.8633761
31,2018-01-20,470.8388049,556.491914,642.145023
31,2018-01-21,499.5149231,592.7269767,685.9390302
31,2018-01-22,332.0998227,395.6147346,459.1296465
31,2018-01-23,386.1744873,461.8094755,537.4444638
31,2018-01-24,386.7977771,464.32119,541.844603
31,2018-01-25,409.433886,493.3493212,577.2647565
31,2018-01-26,435.4039023,526.6004792,617.7970561
31,2018-01-27,457.6869778,555.5953057,653.5036336
31,2018-01-28,485.732705,591.7962264,697.8597477
31,2018-01-29,323.0445394,395.0092789,466.9740184
31,2018-01-30,375.7638916,461.1206616,546.4774317
31,2018-01-31,376.4840602,463.6462206,550.8083811
31,2018-02-01,398.6314126,492.6503745,586.6693364
31,2018-02-02,424.0329108,525.8733824,627.713854
31,2018-02-03,445.8513847,554.8476726,663.8439604
31,2018-02-04,473.2911559,591.0201243,708.7490928
31,2018-02-05,314.8462021,394.5044226,474.1626431
34,2018-01-01,158.2155772,175.3980688,192.5805605
34,2018-01-02,181.9681914,202.7123926,223.4565939
34,2018-01-03,180.745232,202.2950184,223.8448048
34,2018-01-04,193.5096226,217.5641845,241.6187464
34,2018-01-05,204.0467653,230.4205521,256.794339
34,2018-01-06,218.0693279,247.3084223,276.5475168
34,2018-01-07,227.5038742,259.0819616,290.6600491
34,2018-01-08,153.3943965,175.3982778,197.4021592
34,2018-01-09,176.5819167,202.7126342,228.8433517
34,2018-01-10,175.5374482,202.2952594,229.0530707
34,2018-01-11,188.0724754,217.5644438,247.0564122
34,2018-01-12,198.4469205,230.4208267,262.3947329
34,2018-01-13,212.2155543,247.308717,282.4018797
34,2018-01-14,221.5228294,259.0822704,296.6417114
34,2018-01-15,149.4406974,175.3984868,201.3562762
34,2018-01-16,172.1147262,202.7128757,233.3110253
34,2018-01-17,171.1747018,202.2955005,233.4162992
34,2018-01-18,183.4763735,217.564703,251.6530325
34,2018-01-19,193.6746595,230.4211013,267.1675431
34,2018-01-20,207.1899724,247.3090117,287.4280511
34,2018-01-21,216.3533514,259.0825791,301.8118068
34,2018-01-22,146.0022889,175.3986958,204.7951028
34,2018-01-23,168.2077198,202.7131173,237.2185148
34,2018-01-24,167.3390867,202.2957416,237.2523964
34,2018-01-25,179.4160435,217.5649623,255.713881
34,2018-01-26,189.4397692,230.4213758,271.4029825
34,2018-01-27,202.7116427,247.3093064,291.9069701
34,2018-01-28,211.7288256,259.0828878,306.43695
34,2018-01-29,142.9150757,175.3989048,207.882734
34,2018-01-30,164.6877752,202.7133588,240.7389424
34,2018-01-31,163.8723599,202.2959826,240.7196054
34,2018-02-01,175.7351172,217.5652215,259.3953259
34,2018-02-02,185.5896471,230.4216504,275.2536537
34,2018-02-03,198.6292337,247.3096011,295.9899686
34,2018-02-04,207.5024028,259.0831965,310.6639903
34,2018-02-05,140.0867831,175.3991139,210.7114446
17,2018-01-01,199.1574346,218.0357967,236.9141587
17,2018-01-02,231.4120592,254.6366914,277.8613236
17,2018-01-03,229.9851157,254.3176844,278.6502532
17,2018-01-04,244.1501106,271.2825872,298.4150639
17,2018-01-05,258.5427387,288.6279755,318.7132123
17,2018-01-06,271.8052098,304.833886,337.8625622
17,2018-01-07,286.4373676,322.698747,358.9601264
17,2018-01-08,191.3254353,216.5060485,241.6866617
17,2018-01-09,222.5104924,252.898367,283.2862416
17,2018-01-10,221.317727,252.6284446,283.9391622
17,2018-01-11,235.1229146,269.5293967,303.9358789
17,2018-01-12,249.1530329,286.8131874,324.4733419
17,2018-01-13,262.0989856,302.969142,343.8392984
17,2018-01-14,276.370614,320.7782651,365.1859161
17,2018-01-15,184.7025857,215.2525373,245.8024889
17,2018-01-16,214.9186013,251.4739438,288.0292864
17,2018-01-17,213.8700332,251.2442427,288.6184522
17,2018-01-18,227.3145816,268.0927924,308.8710032
17,2018-01-19,240.9831546,285.3261088,329.6690631
17,2018-01-20,253.6089603,301.4411287,349.273297
17,2018-01-21,267.5231157,319.2045792,370.8860427
17,2018-01-22,178.8565753,214.2253823,249.5941893
17,2018-01-23,208.1906393,250.30674,292.4228407
17,2018-01-24,207.2458416,250.1099973,292.974153
17,2018-01-25,220.3463304,266.9156075,313.4848847
17,2018-01-26,233.6696141,284.1075646,334.5455151
17,2018-01-27,245.986893,300.1890419,354.3911909
17,2018-01-28,259.5587335,317.9150676,376.2714017
17,2018-01-29,173.580814,213.3837099,253.1866059
17,2018-01-30,202.1045856,249.3503089,296.5960322
17,2018-01-31,201.2402988,249.1805732,297.1208477
17,2018-02-01,214.015557,265.9509983,317.8864396
17,2018-02-02,227.0118877,283.1090649,339.2062421
17,2018-02-03,239.0351669,299.1630571,359.2909473
17,2018-02-04,252.2817084,316.8584164,381.4351245
17,2018-02-05,168.7520814,212.6940272,256.635973
8,2018-01-01,502.1093349,536.4464815,570.7836281
8,2018-01-02,585.4991421,631.3361959,677.1732497
8,2018-01-03,575.424257,625.6571955,675.890134
8,2018-01-04,613.6988599,672.4024107,731.1059614
8,2018-01-05,651.5732927,719.0180932,786.4628936
8,2018-01-06,687.6642099,763.970135,840.27606
8,2018-01-07,722.0474273,807.3115275,892.5756277
8,2018-01-08,476.8693029,536.4465533,596.0238036
8,2018-01-09,557.9432582,631.3362803,704.7293025
8,2018-01-10,549.8133093,625.6572792,701.5012491
8,2018-01-11,587.6779684,672.4025006,757.1270329
8,2018-01-12,625.1065386,719.0181894,812.9298401
8,2018-01-13,660.7844557,763.9702372,867.1560187
8,2018-01-14,694.7884037,807.3116355,919.8348673
8,2018-01-15,459.4289783,536.446625,613.4642718
8,2018-01-16,538.1243781,631.3363648,724.5483516
8,2018-01-17,530.8026155,625.6573629,720.5121103
8,2018-01-18,567.8604501,672.4025906,776.9447311
8,2018-01-19,604.5134273,719.0182856,833.5231438
8,2018-01-20,639.4867797,763.9703394,888.4538991
8,2018-01-21,672.8499857,807.3117435,941.7735014
8,2018-01-22,445.2002917,536.4466968,627.6931019
8,2018-01-23,521.7602928,631.3364493,740.9126058
8,2018-01-24,514.9380944,625.6574466,736.3767989
8,2018-01-25,551.1647385,672.4026806,793.6406227
8,2018-01-26,587.0153468,719.0183818,851.0214168
8,2018-01-27,621.249496,763.9704416,906.6913873
8,2018-01-28,653.9314042,807.3118516,960.692299
8,2018-01-29,432.8510449,536.4467686,640.0424923
8,2018-01-30,507.473718,631.3365338,755.1993495
8,2018-01-31,501.0122555,625.6575303,750.3028052
8,2018-02-01,536.4355736,672.4027706,808.3699675
8,2018-02-02,571.5063712,719.018478,866.5305848
8,2018-02-03,605.0153237,763.9705439,922.925764
8,2018-02-04,637.0227783,807.3119596,977.6011409
8,2018-02-05,421.7721682,536.4468404,651.1215126
39,2018-01-01,267.0044418,288.6953031,310.3861644
39,2018-01-02,308.4280184,335.975561,363.5231035
39,2018-01-03,309.3594427,339.3305677,369.3016927
39,2018-01-04,326.2407292,360.1825746,394.1244201
39,2018-01-05,346.5894919,385.0138803,423.4382687
39,2018-01-06,365.9923362,408.9637711,451.935206
39,2018-01-07,384.2049014,431.7387954,479.2726893
39,2018-01-08,255.5187402,288.695557,321.8723738
39,2018-01-09,295.8142187,335.9758564,376.1374941
39,2018-01-10,297.2586527,339.3308661,381.4030795
39,2018-01-11,313.9775715,360.1828914,406.3882113
39,2018-01-12,334.02163,385.0142188,436.0068077
39,2018-01-13,353.1488406,408.9641307,464.7794209
39,2018-01-14,371.1219197,431.739175,492.3564303
39,2018-01-15,247.0568554,288.6958108,330.3347663
39,2018-01-16,286.2673104,335.9761518,385.6849932
39,2018-01-17,287.8930756,339.3311645,390.7692534
39,2018-01-18,304.3054182,360.1832081,416.060998
39,2018-01-19,323.94726,385.0145574,446.0818547
39,2018-01-20,342.7076042,408.9644904,475.2213766
39,2018-01-21,360.3537761,431.7395546,503.1253332
39,2018-01-22,240.0153596,288.6960647,337.3767698
39,2018-01-23,278.2449965,335.9764473,393.7078981
39,2018-01-24,279.9538216,339.3314629,398.7091041
39,2018-01-25,296.0410503,360.1835248,424.3259993
39,2018-01-26,315.2770341,385.0148959,454.7527578
39,2018-01-27,333.6624196,408.96485,484.2672803
39,2018-01-28,350.9690603,431.7399343,512.5108083
39,2018-01-29,233.8443373,288.6963186,343.5482998
39,2018-01-30,271.1783653,335.9767427,400.7751201
39,2018-01-31,272.9271571,339.3317613,405.7363654
39,2018-02-01,288.6943928,360.1838415,431.6732903
39,2018-02-02,307.537937,385.0152345,462.492532
39,2018-02-03,325.5576762,408.9652096,492.372743
39,2018-02-04,342.5299125,431.7403139,520.9507154
39,2018-02-05,228.2763573,288.6965724,349.1167875
46,2018-01-01,373.953427,401.7741241,429.5948212
46,2018-01-02,433.4422357,469.4220499,505.4018642
46,2018-01-03,429.6549391,468.7511795,507.8474199
46,2018-01-04,457.7481399,502.8345252,547.9209105
46,2018-01-05,490.5847733,542.3961122,594.207451
46,2018-01-06,512.5465471,570.161685,627.7768229
46,2018-01-07,538.016053,602.0086029,666.0011528
46,2018-01-08,356.9051735,401.6073614,446.3095494
46,2018-01-09,414.7512158,469.2322061,523.7131965
46,2018-01-10,412.0007236,468.5664695,525.1322154
46,2018-01-11,439.7253129,502.6414673,565.5576217
46,2018-01-12,471.9932581,542.1932072,612.3931563
46,2018-01-13,493.7829365,569.9538651,646.1247937
46,2018-01-14,518.9318813,601.7948048,684.6577283
46,2018-01-15,344.6072722,401.4683938,458.3295154
46,2018-01-16,400.8381339,469.0740047,537.3098755
46,2018-01-17,398.5198862,468.4125464,538.3052066
46,2018-01-18,425.6678518,502.480588,579.2933242
46,2018-01-19,457.2291648,542.0241224,626.8190801
46,2018-01-20,478.6500623,569.780685,660.9113078
46,2018-01-21,503.3320585,601.6166433,699.9012281
46,2018-01-22,334.4350991,401.35259,468.2700809
46,2018-01-23,389.2087208,468.9421733,548.6756258
46,2018-01-24,387.1457895,468.2842806,549.4227716
46,2018-01-25,413.707,502.3465258,590.9860516
46,2018-01-26,444.5711024,541.8832229,639.1953434
46,2018-01-27,465.5857641,569.6363732,673.6869823
46,2018-01-28,489.7793028,601.4681808,713.1570588
46,2018-01-29,325.5463994,401.2560905,476.9657817
46,2018-01-30,378.992326,468.8323184,558.6723108
46,2018-01-31,377.104362,468.177397,559.2504321
46,2018-02-01,403.0992714,502.2348125,601.3703536
46,2018-02-02,433.2973299,541.7658124,650.2342949
46,2018-02-03,453.9041078,569.5161196,685.1281313
46,2018-02-04,477.6160599,601.3444688,725.0728778
46,2018-02-05,317.5413849,401.175679,484.8099732
33,2018-01-01,435.9973235,465.7058956,495.4144677
33,2018-01-02,504.7944291,544.3608727,583.9273163
33,2018-01-03,499.003393,542.7527463,586.5020995
33,2018-01-04,527.9354384,578.7635604,629.5916824
33,2018-01-05,562.0085066,620.6559911,679.3034756
33,2018-01-06,594.06128,660.6018366,727.1423932
33,2018-01-07,625.5277493,700.1668005,774.8058516
33,2018-01-08,413.4653021,465.7059585,517.946615
33,2018-01-09,480.4059395,544.3609463,608.3159531
33,2018-01-10,476.2268818,542.7528196,609.2787574
33,2018-01-11,504.996108,578.7636386,652.5311692
33,2018-01-12,538.6265911,620.656075,702.6855588
33,2018-01-13,570.2873051,660.6019259,750.9165466
33,2018-01-14,601.3578658,700.1668951,798.9759244
33,2018-01-15,397.9924902,465.7060215,533.4195528
33,2018-01-16,462.9482496,544.3610198,625.77379
33,2018-01-17,459.3839284,542.752893,626.1218575
33,2018-01-18,487.5793967,578.7637169,669.948037
33,2018-01-19,520.4805338,620.6561588,720.8317838
33,2018-01-20,551.4915164,660.6020151,769.7125138
33,2018-01-21,581.9420306,700.1669897,818.3919489
33,2018-01-22,385.3894793,465.7060844,546.0226895
33,2018-01-23,448.5542055,544.3610934,640.1679813
33,2018-01-24,445.3459612,542.7529663,640.1599714
33,2018-01-25,472.9225488,578.7637951,684.6050414
33,2018-01-26,505.0769441,620.6562427,736.2355413
33,2018-01-27,535.4108267,660.6021044,785.7933821
33,2018-01-28,565.2120913,700.1670844,835.1220774
33,2018-01-29,374.4590104,465.7061473,556.9532843
33,2018-01-30,435.9957085,544.361167,652.7266254
33,2018-01-31,433.0307125,542.7530397,652.4753669
33,2018-02-01,459.9990092,578.7638733,697.5287374
33,2018-02-02,491.4310198,620.6563266,749.8816334
33,2018-02-03,521.1027447,660.6021937,800.1016426
33,2018-02-04,550.2656629,700.167179,850.0686951
33,2018-02-05,364.6566132,465.7062103,566.7558074
44,2018-01-01,179.048697,197.504956,215.961215
44,2018-01-02,208.1227083,230.8666192,253.6105301
44,2018-01-03,207.5389588,231.4573345,255.3757103
44,2018-01-04,221.0963286,247.8514886,274.6066486
44,2018-01-05,231.6047916,260.9255468,290.246302
44,2018-01-06,247.6208278,280.3140398,313.0072517
44,2018-01-07,256.8212621,292.0884546,327.3556472
44,2018-01-08,172.7963862,197.5109237,222.2254613
44,2018-01-09,201.0967039,230.873595,260.6504861
44,2018-01-10,200.7465642,231.4643282,262.1820922
44,2018-01-11,214.0643779,247.8589776,281.6535773
44,2018-01-12,224.431664,260.9334309,297.4351977
44,2018-01-13,240.1391841,280.3225097,320.5058352
44,2018-01-14,249.2393499,292.0972803,334.9552107
44,2018-01-15,167.8158975,197.5168917,227.2178859
44,2018-01-16,195.417423,230.8805711,266.3437192
44,2018-01-17,195.1852871,231.4713221,267.7573571
44,2018-01-18,208.2413419,247.8664669,287.4915918
44,2018-01-19,218.4314244,260.9413152,303.451206
44,2018-01-20,233.8238999,280.3309798,326.8380598
44,2018-01-21,242.7868571,292.1061062,341.4253554
44,2018-01-22,163.5425637,197.5228598,231.5031559
44,2018-01-23,190.5117234,230.8875473,271.2633712
44,2018-01-24,190.351908,231.4783161,272.6047243
44,2018-01-25,203.1517795,247.8739563,292.5961332
44,2018-01-26,213.1595475,260.9491997,308.738852
44,2018-01-27,228.2483509,280.3394502,332.4305495
44,2018-01-28,237.0645539,292.1149324,347.165311
44,2018-01-29,159.7353399,197.5288281,235.3223163
44,2018-01-30,186.124144,230.8945237,275.6649034
44,2018-01-31,186.0133058,231.4853104,276.9573151
44,2018-02-01,198.5676493,247.881446,297.1952428
44,2018-02-02,208.3959978,260.9570845,313.5181712
44,2018-02-03,223.1952119,280.3479209,337.5006299
44,2018-02-04,231.8636505,292.1237589,352.3838673
44,2018-02-05,156.2647622,197.5347966,238.804831
11,2018-01-01,450.0630233,481.2234234,512.3838235
11,2018-01-02,521.7189501,562.1396628,602.5603756
11,2018-01-03,518.9818043,563.1384218,607.2950393
11,2018-01-04,550.1959762,600.9272362,651.6584961
11,2018-01-05,586.9260003,644.9981058,703.0702113
11,2018-01-06,614.3444338,679.0741443,743.8038548
11,2018-01-07,648.8800385,721.2433294,793.6066202
11,2018-01-08,430.6429535,481.223483,531.8040124
11,2018-01-09,500.4853689,562.1397324,623.794096
11,2018-01-10,498.9027279,563.1384915,627.3742552
11,2018-01-11,529.8396713,600.9273106,672.0149499
11,2018-01-12,566.0620013,644.9981856,723.93437
11,2018-01-13,593.281522,679.0742284,764.8669347
11,2018-01-14,627.3551559,721.2434186,815.1316814
11,2018-01-15,416.7842782,481.2235425,545.6628069
11,2018-01-16,484.8241413,562.139802,639.4554627
11,2018-01-17,483.6922172,563.1385612,642.5849053
11,2018-01-18,514.0736627,600.927385,687.7811073
11,2018-01-19,549.5971394,644.9982655,740.3993916
11,2018-01-20,576.3901266,679.0743125,781.7584984
11,2018-01-21,609.8502154,721.2435079,832.6368005
11,2018-01-22,405.3745117,481.2236021,557.0726926
11,2018-01-23,471.7893092,562.1398716,652.490434
11,2018-01-24,470.9089754,563.138631,655.3682865
11,2018-01-25,500.7074336,600.9274594,701.1474851
11,2018-01-26,535.5278928,644.9983454,754.4687979
11,2018-01-27,561.8525935,679.0743965,796.2961995
11,2018-01-28,594.6857561,721.2435972,847.8014383
11,2018-01-29,395.4308018,481.2236617,567.0165216
11,2018-01-30,460.3664845,562.1399412,663.9133979
11,2018-01-31,459.6494039,563.1387007,666.6279974
11,2018-02-01,488.8786645,600.9275338,712.976403
11,2018-02-02,523.0222542,644.9984252,766.9745962
11,2018-02-03,548.8778185,679.0744806,809.2711428
11,2018-02-04,581.0997151,721.2436865,861.3876579
11,2018-02-05,386.4902141,481.2237213,575.9572285
13,2018-01-01,533.8661287,568.3736323,602.8811359
13,2018-01-02,615.4754121,660.4841853,705.4929585
13,2018-01-03,612.6064308,662.2244153,711.8423998
13,2018-01-04,648.9539274,706.319984,763.6860406
13,2018-01-05,687.4209921,753.0294832,818.6379742
13,2018-01-06,721.3362882,795.0555928,868.7748975
13,2018-01-07,762.7841508,845.7141129,928.644075
13,2018-01-08,506.6132504,564.8983251,623.1833998
13,2018-01-09,585.5542411,656.5285222,727.5028032
13,2018-01-10,584.0347079,658.3397701,732.6448322
13,2018-01-11,619.757878,702.2618272,784.7657764
13,2018-01-12,657.4627352,748.7919562,840.1211772
13,2018-01-13,690.7821426,790.6736841,890.5652256
13,2018-01-14,731.2951878,841.1490468,951.0029058
13,2018-01-15,486.1846678,561.9119553,637.6392429
13,2018-01-16,562.445932,653.1293775,743.8128229
13,2018-01-17,561.4409732,655.0016521,748.562331
13,2018-01-18,596.2219135,698.7746092,801.3273049
13,2018-01-19,632.9226863,745.1506038,857.3785212
13,2018-01-20,665.4128156,786.9082632,908.4037108
13,2018-01-21,704.8443351,837.2262371,969.6081391
13,2018-01-22,468.8508003,559.3457364,649.8406725
13,2018-01-23,542.6645359,650.2084569,757.7523779
13,2018-01-24,541.9487339,652.1331728,762.3176116
13,2018-01-25,575.7754387,695.7780069,815.780575
13,2018-01-26,611.4710178,742.0215525,872.5720873
13,2018-01-27,643.1116646,783.672599,924.2335334
13,2018-01-28,681.4741467,833.8553275,986.2365084
13,2018-01-29,453.4647998,557.140559,660.8163181
13,2018-01-30,525.0316838,647.6984812,770.3652787
13,2018-01-31,524.5060715,649.6682606,774.8304496
13,2018-02-01,557.4133089,693.2029977,828.9926865
13,2018-02-02,592.1423127,739.332729,886.5231453
13,2018-02-03,622.9557453,780.8921622,938.8285791
13,2018-02-04,660.29156,830.9586734,1001.625787
13,2018-02-05,439.4817501,555.2456297,671.0095093
16,2018-01-01,155.0720955,170.3329345,185.5937734
16,2018-01-02,178.9955929,197.7454747,216.4953564
16,2018-01-03,178.9651655,198.7998198,218.6344741
16,2018-01-04,190.985752,213.2712868,235.5568215
16,2018-01-05,199.7053542,224.1397027,248.5740513
16,2018-01-06,213.541761,240.8428375,268.1439141
16,2018-01-07,226.0429881,256.1512481,286.2595082
16,2018-01-08,149.622829,170.3329633,191.0430976
16,2018-01-09,172.9282272,197.7455081,222.562789
16,2018-01-10,173.0950838,198.7998535,224.5046231
16,2018-01-11,184.9079348,213.2713229,241.6347109
16,2018-01-12,193.5252492,224.1397406,254.7542321
16,2018-01-13,207.1029508,240.8428783,274.5828057
16,2018-01-14,219.3905435,256.1512915,292.9120394
16,2018-01-15,145.318423,170.3329921,195.3475612
16,2018-01-16,168.058523,197.7455416,227.4325602
16,2018-01-17,168.3179032,198.7998871,229.281871
16,2018-01-18,179.9010297,213.2713589,246.6416882
16,2018-01-19,188.3787705,224.1397785,259.9007866
16,2018-01-20,201.6890455,240.842919,279.9967926
16,2018-01-21,213.7482786,256.1513348,298.554391
16,2018-01-22,141.6388839,170.3330209,199.0271579
16,2018-01-23,163.8659731,197.745575,231.625177
16,2018-01-24,164.1781578,198.7999207,233.4216837
16,2018-01-25,175.5362457,213.271395,251.0065444
16,2018-01-26,183.8676061,224.1398165,264.4120268
16,2018-01-27,196.9193363,240.8429598,284.7665833
16,2018-01-28,208.7539675,256.1513781,303.5487888
16,2018-01-29,138.3676393,170.3330497,202.2984602
16,2018-01-30,160.1234483,197.7456085,235.3677687
16,2018-01-31,160.4686999,198.7999544,237.1312088
16,2018-02-01,171.6112003,213.2714311,254.9316618
16,2018-02-02,179.7973636,224.1398544,268.4823452
16,2018-02-03,192.6022918,240.8430005,289.0837093
16,2018-02-04,204.220254,256.1514215,308.082589
16,2018-02-05,135.3897835,170.3330785,205.2763736
30,2018-01-01,242.4905162,263.9887667,285.4870172
30,2018-01-02,282.7957556,309.7206807,336.6456058
30,2018-01-03,280.4374604,308.8875403,337.3376201
30,2018-01-04,298.6725359,330.7574391,362.8423422
30,2018-01-05,318.2876677,354.3105689,390.3334701
30,2018-01-06,333.2854672,372.8584224,412.4313776
30,2018-01-07,355.1394207,399.2212969,443.3031732
30,2018-01-08,233.7490161,263.9888065,294.2285968
30,2018-01-09,273.0077697,309.7207273,346.4336849
30,2018-01-10,271.0815312,308.8875868,346.6936423
30,2018-01-11,289.0367816,330.7574889,372.4781961
30,2018-01-12,308.3304594,354.3106222,400.2907851
30,2018-01-13,323.1515496,372.8584785,422.5654074
30,2018-01-14,344.6226506,399.221357,453.8200635
30,2018-01-15,226.9956676,263.9888462,300.9820248
30,2018-01-16,265.3002527,309.720774,354.1412952
30,2018-01-17,263.5927262,308.8876333,354.1825404
30,2018-01-18,281.2136884,330.7575387,380.3013889
30,2018-01-19,300.1450471,354.3106756,408.476304
30,2018-01-20,314.7285077,372.8585347,430.9885617
30,2018-01-21,335.7949981,399.2214171,462.6478362
30,2018-01-22,221.2766768,263.988886,306.7010952
30,2018-01-23,258.7209619,309.7208206,360.7206793
30,2018-01-24,257.1536585,308.8876798,360.6217011
30,2018-01-25,274.4425895,330.7575885,387.0725874
30,2018-01-26,293.0173211,354.3107289,415.6041368
30,2018-01-27,307.352892,372.8585908,438.3642897
30,2018-01-28,328.0252445,399.2214772,470.41771
30,2018-01-29,216.2190125,263.9889257,311.7588389
30,2018-01-30,252.8766979,309.7208672,366.5650366
30,2018-01-31,251.4103522,308.8877263,366.3651004
30,2018-02-01,268.379866,330.7576383,393.1354105
30,2018-02-02,286.6122764,354.3107823,422.0092881
30,2018-02-03,300.7026876,372.858647,445.0146064
30,2018-02-04,320.9974129,399.2215374,477.4456618
30,2018-02-05,211.630607,263.9889655,316.347324
10,2018-01-01,451.7527506,482.8165999,513.8804493
10,2018-01-02,519.6580048,559.5958829,599.5337611
10,2018-01-03,520.613748,564.5161916,608.4186353
10,2018-01-04,553.4933345,604.0433362,654.5933379
10,2018-01-05,584.1690464,641.3898094,698.6105723
10,2018-01-06,617.4230959,681.7994421,746.1757884
10,2018-01-07,650.0976662,721.8166356,793.535605
10,2018-01-08,432.5707848,482.8166886,533.0625924
10,2018-01-09,498.8388184,559.5959857,620.353153
10,2018-01-10,500.7817845,564.5162953,628.2508061
10,2018-01-11,533.3272245,604.0434471,674.7596697
10,2018-01-12,563.7172868,641.3899271,719.0625675
10,2018-01-13,596.5732549,681.7995673,767.0258797
10,2018-01-14,628.8557703,721.8167682,814.777766
10,2018-01-15,418.8583688,482.8167773,546.7751857
10,2018-01-16,483.4623046,559.5960884,635.7298723
10,2018-01-17,485.7418657,564.5163989,643.2909322
10,2018-01-18,517.6942397,604.043558,690.3928764
10,2018-01-19,547.5653408,641.3900449,735.214749
10,2018-01-20,579.8417987,681.7996925,783.7575863
10,2018-01-21,611.5712606,721.8169007,832.0625408
10,2018-01-22,407.563494,482.8168659,558.0702378
10,2018-01-23,470.6589788,559.5961912,648.5334036
10,2018-01-24,473.0972623,564.5165026,655.9357429
10,2018-01-25,504.4364152,604.043669,703.6509227
10,2018-01-26,533.7594543,641.3901627,749.0208712
10,2018-01-27,565.4381882,681.7998177,798.1614473
10,2018-01-28,596.5943099,721.8170333,847.0397566
10,2018-01-29,397.7178792,482.8169546,567.91603
10,2018-01-30,459.4369597,559.596294,659.7556282
10,2018-01-31,461.957967,564.5166063,667.0752455
10,2018-02-01,492.70185,604.0437799,715.3857097
10,2018-02-02,521.4862867,641.3902805,761.2942743
10,2018-02-03,552.5814217,681.7999429,811.0184641
10,2018-02-04,583.1748453,721.8171658,860.4594863
10,2018-02-05,388.8646514,482.8170432,576.769435
26,2018-01-01,292.808401,317.0857657,341.3631303
26,2018-01-02,339.0038023,369.9401673,400.8765324
26,2018-01-03,337.3620888,370.7843746,404.2066604
26,2018-01-04,357.0855918,395.1012523,433.1169127
26,2018-01-05,379.3323974,422.3898217,465.4472459
26,2018-01-06,400.6247958,448.8074364,496.9900769
26,2018-01-07,421.2972149,474.7113449,528.1254748
26,2018-01-08,279.8408606,317.0858153,354.33077
26,2018-01-09,324.7325596,369.9402253,415.147891
26,2018-01-10,323.7797731,370.7844326,417.7890922
26,2018-01-11,343.2707091,395.1013141,446.9319192
26,2018-01-12,365.1752646,422.3898878,479.604511
26,2018-01-13,386.1548124,448.8075066,511.4602009
26,2018-01-14,406.5310001,474.7114192,542.8918383
26,2018-01-15,270.3009949,317.085865,363.8707351
26,2018-01-16,313.9435022,369.9402832,425.9370642
26,2018-01-17,313.2772177,370.7844907,428.2917637
26,2018-01-18,332.382886,395.101376,457.819866
26,2018-01-19,353.8339963,422.389954,490.9459117
26,2018-01-20,374.3973947,448.8075769,523.2177592
26,2018-01-21,394.3827021,474.7114935,555.040285
26,2018-01-22,262.3655237,317.0859146,371.8063056
26,2018-01-23,304.8803443,369.9403411,435.000338
26,2018-01-24,304.3765688,370.7845488,437.1925287
26,2018-01-25,323.0819174,395.1014379,467.1209583
26,2018-01-26,344.0753128,422.3900201,500.7047274
26,2018-01-27,364.2136201,448.8076472,533.4016743
26,2018-01-28,383.7965171,474.7115679,565.6266187
26,2018-01-29,255.4118483,317.0859643,378.7600802
26,2018-01-30,296.8976069,369.9403991,442.9831913
26,2018-01-31,296.4995914,370.7846068,445.0696223
26,2018-02-01,314.8142185,395.1014997,475.388781
26,2018-02-02,335.3649848,422.3900863,509.4151877
26,2018-02-03,355.0888824,448.8077175,542.5265526
26,2018-02-04,374.2770539,474.7116422,575.1462305
26,2018-02-05,249.1377327,317.0860139,385.0342952
40,2018-01-01,182.9426171,201.0183024,219.0939877
40,2018-01-02,210.6449993,232.595923,254.5468468
40,2018-01-03,210.6086081,233.6533465,256.6980849
40,2018-01-04,225.6193819,251.444793,277.2702041
40,2018-01-05,237.6416324,266.0070734,294.3725144
40,2018-01-06,249.6536678,280.6429937,311.6323196
40,2018-01-07,264.752569,298.8471687,332.9417683
40,2018-01-08,177.3702541,201.0183339,224.6664136
40,2018-01-09,204.4306803,232.5959594,260.7612386
40,2018-01-10,204.5759982,233.6533831,262.730768
40,2018-01-11,219.3313563,251.4448323,283.5583084
40,2018-01-12,231.1854891,266.007115,300.828741
40,2018-01-13,243.0313683,280.6430376,318.2547069
40,2018-01-14,257.8856985,298.8472154,339.8087323
40,2018-01-15,172.8662138,201.0183653,229.1705168
40,2018-01-16,199.3422927,232.5959958,265.849699
40,2018-01-17,199.5796024,233.6534196,267.7272369
40,2018-01-18,214.070159,251.4448717,288.8195844
40,2018-01-19,225.7341452,266.0071567,306.2801681
40,2018-01-20,237.3935606,280.6430815,323.8926025
40,2018-01-21,251.9959322,298.8472622,345.6985922
40,2018-01-22,168.9767191,201.0183968,233.0600744
40,2018-01-23,194.9207843,232.5960322,270.2712802
40,2018-01-24,195.2131658,233.6534562,272.0937466
40,2018-01-25,209.4480337,251.444911,293.4417884
40,2018-01-26,220.9215835,266.0071983,311.0928131
40,2018-01-27,232.393835,280.6431255,328.8924159
40,2018-01-28,246.7507472,298.847309,350.9438708
40,2018-01-29,165.4992655,201.0184282,236.537591
40,2018-01-30,190.9531417,232.5960686,274.2389955
40,2018-01-31,191.28144,233.6534928,276.0255455
40,2018-02-01,205.2726052,251.4449504,297.6172956
40,2018-02-02,216.5608828,266.0072399,315.4535971
40,2018-02-03,227.8505363,280.6431694,333.4358025
40,2018-02-04,241.971473,298.8473557,355.7232385
40,2018-02-05,162.3225693,201.0184597,239.7143501
14,2018-01-01,362.1493253,389.2685426,416.3877598
14,2018-01-02,419.9556586,454.0368935,488.1181284
14,2018-01-03,419.7352259,456.2825176,492.8298093
14,2018-01-04,445.7621877,487.0850394,528.4078911
14,2018-01-05,469.0565054,515.0658589,561.0752125
14,2018-01-06,500.2294613,551.8884591,603.5474569
14,2018-01-07,523.9379874,580.6666975,637.3954076
14,2018-01-08,349.7084992,389.2685886,428.828678
14,2018-01-09,406.1764414,454.0369472,501.897453
14,2018-01-10,406.5177343,456.2825716,506.0474089
14,2018-01-11,432.2375087,487.085097,541.9326854
14,2018-01-12,455.3000556,515.0659199,574.8317842
14,2018-01-13,486.0096057,551.8885244,617.7674432
14,2018-01-14,509.4680543,580.6667663,651.8654782
14,2018-01-15,340.3063353,389.2686347,438.2309341
14,2018-01-16,395.526502,454.037001,512.5475
14,2018-01-17,396.1065042,456.2826256,516.458747
14,2018-01-18,421.4097317,487.0851547,552.7605777
14,2018-01-19,444.1301431,515.0659809,586.0018187
14,2018-01-20,474.3194764,551.8885898,629.4577031
14,2018-01-21,497.4411205,580.666835,663.8925495
14,2018-01-22,332.4146627,389.2686808,446.1226989
14,2018-01-23,386.5085831,454.0370547,521.5655264
14,2018-01-24,387.2204122,456.2826796,525.3449471
14,2018-01-25,412.1011997,487.0852124,562.069225
14,2018-01-26,434.4640546,515.0660418,595.6680291
14,2018-01-27,464.1419927,551.8886551,639.6353175
14,2018-01-28,486.9121388,580.6669037,674.4216686
14,2018-01-29,325.4703907,389.2687269,453.067063
14,2018-01-30,378.5355291,454.0371085,529.5386879
14,2018-01-31,379.3292069,456.2827336,533.2362604
14,2018-02-01,403.800846,487.08527,570.369694
14,2018-02-02,425.811767,515.0661028,604.3204386
14,2018-02-03,454.9992023,551.8887204,648.7782385
14,2018-02-04,477.4217002,580.6669725,683.9122447
14,2018-02-05,319.1912375,389.2687729,459.3463084
20,2018-01-01,293.740343,317.5488421,341.3573412
20,2018-01-02,341.0716573,371.1421353,401.2126133
20,2018-01-03,337.8478448,369.899395,401.9509452
20,2018-01-04,361.5214511,398.1234642,434.7254774
20,2018-01-05,381.1138864,422.0241292,462.9343721
20,2018-01-06,404.3196273,450.0926674,495.8657074
20,2018-01-07,422.8618005,473.1295942,523.3973879
20,2018-01-08,282.4243833,317.5488866,352.6733899
20,2018-01-09,328.5306888,371.1421872,413.7536857
20,2018-01-10,325.9309102,369.8994468,413.8679833
20,2018-01-11,349.2383355,398.12352,447.0087044
20,2018-01-12,368.59912,422.0241883,475.4492566
20,2018-01-13,391.4515122,450.0927304,508.7339486
20,2018-01-14,409.7862943,473.1296605,536.4730266
20,2018-01-15,273.9221794,317.548931,361.1756827
20,2018-01-16,318.8841836,371.1422392,423.4002948
20,2018-01-17,316.5815974,369.8994986,423.2173997
20,2018-01-18,339.4377201,398.1235757,456.8094313
20,2018-01-19,358.4666648,422.0242474,485.58183
20,2018-01-20,380.8988159,450.0927934,519.2867709
20,2018-01-21,398.941619,473.1297267,547.3178344
20,2018-01-22,266.7991623,317.5489755,368.2987887
20,2018-01-23,310.729196,371.1422912,431.5553864
20,2018-01-24,308.6132092,369.8995503,431.1858915
20,2018-01-25,331.0227413,398.1236314,465.2245216
20,2018-01-26,349.7079728,422.0243065,494.3406402
20,2018-01-27,371.7204443,450.0928564,528.4652685
20,2018-01-28,389.4556937,473.1297929,556.8038922
20,2018-01-29,260.5359357,317.54902,374.5621042
20,2018-01-30,303.5237982,371.1423431,438.760888
20,2018-01-31,301.5410041,369.8996021,438.2582002
20,2018-02-01,323.5228985,398.1236872,472.7244759
20,2018-02-02,341.8712965,422.0243656,502.1774346
20,2018-02-03,363.478258,450.0929194,536.7075809
20,2018-02-04,380.9081441,473.1298592,565.3515742
20,2018-02-05,254.8741175,317.5490644,380.2240114
3,2018-01-01,230.4865691,251.9234628,273.3603564
3,2018-01-02,268.4840714,295.692998,322.9019246
3,2018-01-03,267.3563149,296.5554295,325.7545442
3,2018-01-04,282.9991341,316.027893,349.056652
3,2018-01-05,300.6713254,337.9225104,375.1736954
3,2018-01-06,318.3708267,360.0179473,401.6650679
3,2018-01-07,334.5778359,380.5845134,426.5911909
3,2018-01-08,220.2116473,251.9235084,283.6353694
3,2018-01-09,257.0506861,295.6930515,334.335417
3,2018-01-10,256.424991,296.5554832,336.6859755
3,2018-01-11,271.8442317,316.0279503,360.2116688
3,2018-01-12,289.2074584,337.9225716,386.6376848
3,2018-01-13,306.5959503,360.0180125,413.4400747
3,2018-01-14,322.5455396,380.5845823,438.623625
3,2018-01-15,212.4952289,251.923554,291.3518791
3,2018-01-16,248.2582342,295.6931051,343.127976
3,2018-01-17,247.8494978,296.5555369,345.2615761
3,2018-01-18,262.9432038,316.0280075,369.1128112
3,2018-01-19,279.9242272,337.9226328,395.9210385
3,2018-01-20,296.9372502,360.0180777,423.0989052
3,2018-01-21,312.5627598,380.5846513,448.6065427
3,2018-01-22,206.0279862,251.9235996,297.8192131
3,2018-01-23,240.8219468,295.6931586,350.5643704
3,2018-01-24,240.5370718,296.5555907,352.5741095
3,2018-01-25,255.2966185,316.0280647,376.759511
3,2018-01-26,271.8951543,337.922694,403.9502338
3,2018-01-27,288.5315336,360.0181429,431.5047523
3,2018-01-28,303.82542,380.5847202,457.3440204
3,2018-01-29,200.3377885,251.9236453,303.509502
3,2018-01-30,234.2472869,295.6932122,357.1391374
3,2018-01-31,234.0427197,296.5556444,359.068569
3,2018-02-01,248.4769481,316.0281219,383.5792958
3,2018-02-02,264.7062813,337.9227552,411.1392292
3,2018-02-03,280.9778329,360.0182081,439.0585833
3,2018-02-04,295.9467239,380.5847891,465.2228543
3,2018-02-05,195.1902115,251.9236909,308.6571702
35,2018-01-01,405.8449802,435.2678384,464.6906966
35,2018-01-02,472.7093166,510.4609233,548.21253
35,2018-01-03,470.4194409,511.2214302,552.0234194
35,2018-01-04,500.8157285,547.501826,594.1879235
35,2018-01-05,530.2903938,582.9950385,635.6996832
35,2018-01-06,561.7025363,620.8454265,679.9883166
35,2018-01-07,589.5984034,655.0270114,720.4556194
35,2018-01-08,389.8635746,435.2679546,480.6723346
35,2018-01-09,455.0463126,510.4610596,565.8758066
35,2018-01-10,453.6349194,511.2215667,568.808214
35,2018-01-11,483.6681247,547.5019722,611.3358197
35,2018-01-12,512.7968643,582.9951942,653.1935241
35,2018-01-13,543.7905501,620.8455922,697.9006344
35,2018-01-14,571.3730671,655.0271863,738.6813056
35,2018-01-15,378.1541909,435.2680709,492.3819508
35,2018-01-16,441.7391968,510.461196,579.1831951
35,2018-01-17,440.6953079,511.2217032,581.7480986
35,2018-01-18,470.189805,547.5021184,624.8144318
35,2018-01-19,498.8165295,582.9953499,667.1741703
35,2018-01-20,529.2683044,620.845758,712.4232117
35,2018-01-21,556.4092245,655.0273612,753.645498
35,2018-01-22,368.4323073,435.2681871,502.1040669
35,2018-01-23,430.58039,510.4613323,590.3422746
35,2018-01-24,429.7474384,511.2218397,592.6962411
35,2018-01-25,458.6939279,547.5022646,636.3106013
35,2018-01-26,486.8049862,582.9955056,679.186025
35,2018-01-27,516.7077042,620.8459238,724.9841435
35,2018-01-28,543.3874074,655.0275361,766.6676649
35,2018-01-29,359.9244647,435.2683033,510.6121419
35,2018-01-30,420.7643461,510.4614686,600.1585911
35,2018-01-31,420.0706558,511.2219763,602.3732967
35,2018-02-01,448.4874188,547.5024108,646.5174028
35,2018-02-02,476.0963448,582.9956613,689.8949778
35,2018-02-03,505.466144,620.8460896,736.2260352
35,2018-02-04,531.69079,655.0277111,778.3646322
35,2018-02-05,352.2564292,435.2684196,518.2804099
38,2018-01-01,520.6167978,554.882986,589.1491743
38,2018-01-02,598.6278494,642.4402361,686.2526229
38,2018-01-03,597.6308999,645.4941333,693.3573667
38,2018-01-04,635.7034605,690.7728428,745.842225
38,2018-01-05,672.4373546,734.8927699,797.3481851
38,2018-01-06,708.0301236,778.0514582,848.0727928
38,2018-01-07,745.5497659,823.6215553,901.6933446
38,2018-01-08,497.2409432,552.1239619,607.0069805
38,2018-01-09,572.9235493,639.3186053,705.7136612
38,2018-01-10,572.9437315,642.4291488,711.914566
38,2018-01-11,610.3250963,687.5676731,764.8102498
38,2018-01-12,646.3998979,731.5607138,816.7215296
38,2018-01-13,681.3611268,774.6042925,867.8474581
38,2018-01-14,718.1661563,820.0558935,921.9456307
38,2018-01-15,479.3958578,549.7883512,620.1808445
38,2018-01-16,552.7981717,636.6760356,720.5538995
38,2018-01-17,553.2147991,639.8345326,726.4542662
38,2018-01-18,589.6968806,684.8543857,780.0118908
38,2018-01-19,624.9311754,728.740013,832.5488505
38,2018-01-20,659.1011218,771.6861479,884.2711739
38,2018-01-21,695.0664531,817.0374383,939.0084235
38,2018-01-22,464.2024102,547.8111768,631.4199434
38,2018-01-23,535.5227817,634.4390103,733.355239
38,2018-01-24,536.1563342,637.6381019,739.1198697
38,2018-01-25,571.7445912,682.5574961,793.3704011
38,2018-01-26,606.1377638,726.3521947,846.5666257
38,2018-01-27,639.5115077,769.2158406,898.9201735
38,2018-01-28,674.6396091,814.4822152,954.3248214
38,2018-01-29,450.7075991,546.137433,641.5672668
38,2018-01-30,520.116565,632.5452944,744.9740238
38,2018-01-31,520.8867226,635.778751,750.6707795
38,2018-02-01,555.6193515,680.6131039,805.6068563
38,2018-02-02,589.2028733,724.3308288,859.4587842
38,2018-02-03,621.8064647,767.1246454,912.4428261
38,2018-02-04,656.1264397,812.3191365,968.5118333
38,2018-02-05,438.4451245,544.7205551,650.9959857
27,2018-01-01,132.7978027,147.7872582,162.7767136
27,2018-01-02,157.5160842,175.9853231,194.4545621
27,2018-01-03,156.4358005,175.4465568,194.4573131
27,2018-01-04,165.1520153,185.9113606,206.6707058
27,2018-01-05,176.6341961,199.5584926,222.4827892
27,2018-01-06,184.194702,208.8378815,233.4810611
27,2018-01-07,196.2164311,223.2391992,250.2619674
27,2018-01-08,129.4580875,147.7872827,166.1164779
27,2018-01-09,153.6476713,175.9853523,198.3230334
27,2018-01-10,152.6788017,175.4465859,198.21437
27,2018-01-11,161.2684581,185.9113914,210.5543247
27,2018-01-12,172.5627247,199.5585258,226.5543268
27,2018-01-13,180.0286184,208.8379162,237.6472141
27,2018-01-14,191.8576613,223.2392363,254.6208112
27,2018-01-15,126.6312649,147.7873072,168.9433496
27,2018-01-16,150.3471689,175.9853816,201.6235942
27,2018-01-17,149.4500937,175.446615,201.4431363
27,2018-01-18,157.908894,185.9114223,213.9139506
27,2018-01-19,169.0192419,199.5585589,230.0978759
27,2018-01-20,176.3825717,208.8379509,241.2933301
27,2018-01-21,188.0233472,223.2392733,258.4551995
27,2018-01-22,124.1327121,147.7873318,171.4419514
27,2018-01-23,147.417034,175.9854108,204.5537875
27,2018-01-24,146.5718848,175.4466441,204.3214035
27,2018-01-25,154.9025128,185.9114532,216.9203935
27,2018-01-26,165.8368611,199.558592,233.2803229
27,2018-01-27,173.0970231,208.8379856,244.578948
27,2018-01-28,184.5571822,223.2393104,261.9214386
27,2018-01-29,121.867303,147.7873563,173.7074096
27,2018-01-30,144.7528271,175.98544,207.2180529
27,2018-01-31,143.9479224,175.4466733,206.9454241
27,2018-02-01,152.1547927,185.911484,219.6681754
27,2018-02-02,162.9213359,199.5586252,236.1959144
27,2018-02-03,170.0801559,208.8380202,247.5958845
27,2018-02-04,181.3676096,223.2393475,265.1110854
27,2018-02-05,119.7783896,147.7873808,175.7963721
29,2018-01-01,441.0899241,472.6338956,504.1778672
29,2018-01-02,511.370995,552.0787011,592.7864073
29,2018-01-03,508.0783975,552.3342948,596.5901922
29,2018-01-04,538.0494881,588.7047289,639.3599696
29,2018-01-05,571.3301329,628.9318671,686.5336012
29,2018-01-06,602.4689851,667.0488804,731.6287756
29,2018-01-07,636.3776706,708.4849931,780.5923155
29,2018-01-08,422.292295,472.6339558,522.9756166
29,2018-01-09,490.7714411,552.0787714,613.3861017
29,2018-01-10,488.5906817,552.3343652,616.0780486
29,2018-01-11,518.2891934,588.7048038,659.1204142
29,2018-01-12,551.1494418,628.9319471,706.7144525
29,2018-01-13,581.9269319,667.0489653,752.1709987
29,2018-01-14,615.368739,708.4850833,801.6014276
29,2018-01-15,408.7592568,472.634016,536.5087752
29,2018-01-16,475.4703942,552.0788417,628.6872892
29,2018-01-17,473.7422133,552.3344355,630.9266577
29,2018-01-18,502.9099226,588.7048788,674.499835
29,2018-01-19,535.1572448,628.9320272,722.7068096
29,2018-01-20,565.3936169,667.0490502,768.7044835
29,2018-01-21,598.2292568,708.4851735,818.7410901
29,2018-01-22,397.5863897,472.6340762,547.6817626
29,2018-01-23,462.7035765,552.078912,641.4542474
29,2018-01-24,461.2353185,552.3345058,643.4336931
29,2018-01-25,489.8452335,588.7049537,687.5646739
29,2018-01-26,521.4668447,628.9321073,736.3973699
29,2018-01-27,551.1404799,667.0491351,782.9577904
29,2018-01-28,583.3586579,708.4852637,833.6118695
29,2018-01-29,387.8354274,472.6341363,557.4328452
29,2018-01-30,451.5010783,552.0789823,652.6568862
29,2018-01-31,450.2058936,552.3345761,654.4632586
29,2018-02-01,478.2703894,588.7050287,699.1396679
29,2018-02-02,509.2852705,628.9321874,748.5791042
29,2018-02-03,538.4071492,667.04922,795.6912908
29,2018-02-04,570.0237506,708.4853539,846.9469571
29,2018-02-05,379.0606458,472.6341965,566.2077472
42,2018-01-01,220.5713228,239.9184467,259.2655706
42,2018-01-02,256.1614063,280.58783,305.0142538
42,2018-01-03,257.1386434,283.5142882,309.889933
42,2018-01-04,274.004165,303.9930296,333.9818943
42,2018-01-05,288.0969216,321.5255287,354.9541358
42,2018-01-06,304.3082471,341.5477852,378.7873233
42,2018-01-07,320.2391711,361.3919017,402.5446324
42,2018-01-08,211.4829513,239.9184853,268.3540192
42,2018-01-09,246.0768152,280.5878751,315.098935
42,2018-01-10,247.4186782,283.5143338,319.6099894
42,2018-01-11,264.0193535,303.9930785,343.9668035
42,2018-01-12,277.9428981,321.5255804,365.1082627
42,2018-01-13,293.9058262,341.5478401,389.189854
42,2018-01-14,309.5966498,361.3919598,413.1872699
42,2018-01-15,204.6363007,239.9185238,275.200747
42,2018-01-16,238.3020331,280.5879203,322.8738074
42,2018-01-17,239.7777034,283.5143793,327.2510553
42,2018-01-18,256.0383347,303.9931274,351.9479201
42,2018-01-19,269.708578,321.5256321,373.3426862
42,2018-01-20,285.3626617,341.547895,397.7331283
42,2018-01-21,300.7579695,361.3920179,422.0260664
42,2018-01-22,198.893115,239.9185624,280.9440098
42,2018-01-23,231.7217029,280.5879654,329.4542278
42,2018-01-24,233.2581938,283.5144249,333.7706561
42,2018-01-25,249.1786071,303.9931763,358.8077454
42,2018-01-26,262.5836881,321.5256837,380.4676793
42,2018-01-27,277.9251666,341.5479499,405.1707332
42,2018-01-28,293.0197934,361.392076,429.7643586
42,2018-01-29,193.8388341,239.918601,285.9983679
42,2018-01-30,225.9028039,280.5880105,335.273217
42,2018-01-31,227.4673032,283.5144705,339.5616378
42,2018-02-01,243.060164,303.9932251,364.9262862
42,2018-02-02,256.2040553,321.5257354,386.8474156
42,2018-02-03,271.2414304,341.5480048,411.8545792
42,2018-02-04,286.0421604,361.3921341,436.7421079
42,2018-02-05,189.2667176,239.9186396,290.5705616
47,2018-01-01,132.7729507,147.6612777,162.5496046
47,2018-01-02,154.7583179,172.7490887,190.7398595
47,2018-01-03,155.0564988,173.7053724,192.354246
47,2018-01-04,165.2386646,185.7620738,206.285483
47,2018-01-05,172.5207986,194.6134317,216.7060648
47,2018-01-06,184.4371002,208.752824,233.0685479
47,2018-01-07,194.8892442,221.3063756,247.723507
47,2018-01-08,129.618238,147.6613012,165.7043645
47,2018-01-09,151.1640033,172.7491163,194.3342293
47,2018-01-10,151.5318083,173.7054001,195.878992
47,2018-01-11,161.5581144,185.7621034,209.9660924
47,2018-01-12,168.7514544,194.6134628,220.4754711
47,2018-01-13,180.4806306,208.7528574,237.0250841
47,2018-01-14,190.7809765,221.3064109,251.8318454
47,2018-01-15,126.9311151,147.6613248,168.3915345
47,2018-01-16,148.0797984,172.7491439,197.4184893
47,2018-01-17,148.4869658,173.7054279,198.9238899
47,2018-01-18,158.3590201,185.7621331,213.165246
47,2018-01-19,165.4566112,194.6134938,223.7703765
47,2018-01-20,177.004139,208.7528907,240.5016423
47,2018-01-21,187.1536408,221.3064463,255.4592517
47,2018-01-22,124.5478992,147.6613484,170.7747975
47,2018-01-23,145.3329804,172.7491714,200.1653625
47,2018-01-24,145.7646318,173.7054556,201.6462794
47,2018-01-25,155.4883417,185.7621627,216.0359838
47,2018-01-26,162.4899053,194.6135249,226.7371445
47,2018-01-27,173.8638222,208.752924,243.6420258
47,2018-01-28,183.8671614,221.3064816,258.7458017
47,2018-01-29,122.3824715,147.6613719,172.9402724
47,2018-01-30,142.8304581,172.749199,202.6679399
47,2018-01-31,143.2780976,173.7054833,204.132869
47,2018-02-01,152.8599829,185.7621924,218.6644018
47,2018-02-02,159.7674031,194.6135559,229.4597088
47,2018-02-03,170.9757271,208.7529573,246.5301876
47,2018-02-04,180.8383835,221.3065169,261.7746503
47,2018-02-05,120.3829004,147.6613955,174.9398906
9,2018-01-01,329.9752084,356.3272016,382.6791947
9,2018-01-02,382.3651581,415.9483546,449.5315511
9,2018-01-03,381.3942151,417.7371835,454.0801519
9,2018-01-04,401.3977268,442.4786368,483.5595469
9,2018-01-05,427.3917099,474.0067798,520.6218497
9,2018-01-06,451.6113239,503.7797714,555.9482189
9,2018-01-07,476.2977059,534.2766735,592.255641
9,2018-01-08,315.9656912,356.3272584,396.6888256
9,2018-01-09,366.9361393,415.9484209,464.9607025
9,2018-01-10,366.6785836,417.7372501,468.7959166
9,2018-01-11,386.5179923,442.4787074,498.4394225
9,2018-01-12,412.111087,474.0068554,535.9026237
9,2018-01-13,435.988255,503.7798517,571.5714484
9,2018-01-14,460.3116774,534.2767586,608.2418399
9,2018-01-15,305.6532554,356.3273152,407.001375
9,2018-01-16,355.2667769,415.9484872,476.6301976
9,2018-01-17,355.2960661,417.7373167,480.1785674
9,2018-01-18,374.7882076,442.4787779,510.1693483
9,2018-01-19,399.8677674,474.006931,548.1460945
9,2018-01-20,423.2924953,503.779932,584.2673687
9,2018-01-21,447.1589382,534.2768438,621.3947494
9,2018-01-22,297.0748708,356.327372,415.5798732
9,2018-01-23,345.4641214,415.9485536,486.4329857
9,2018-01-24,345.649908,417.7373833,489.8248587
9,2018-01-25,364.7684563,442.4788485,520.1892407
9,2018-01-26,389.3335978,474.0070065,558.6804153
9,2018-01-27,412.296872,503.7800123,595.2631526
9,2018-01-28,435.6985772,534.276929,632.8552809
9,2018-01-29,289.5586449,356.3274288,423.0962128
9,2018-01-30,336.8310813,415.9486199,495.0661585
9,2018-01-31,337.1142761,417.73745,498.3606238
9,2018-02-01,355.8630673,442.4789191,529.0947708
9,2018-02-02,379.9324783,474.0070821,568.081686
9,2018-02-03,402.4462353,503.7800927,605.11395
9,2018-02-04,425.3946856,534.2770142,643.1593428
9,2018-02-05,282.7780872,356.3274856,429.876884
45,2018-01-01,509.8972137,543.5540708,577.210928
45,2018-01-02,588.5155948,631.4090747,674.3025546
45,2018-01-03,591.3654396,638.2499127,685.1343859
45,2018-01-04,624.6660824,677.9515176,731.2369528
45,2018-01-05,665.8538612,726.4576411,787.0614209
45,2018-01-06,703.8301495,771.7329905,839.6358314
45,2018-01-07,736.7265157,811.6659768,886.6054379
45,2018-01-08,491.1136183,543.554128,595.9946378
45,2018-01-09,567.9808863,631.4091411,694.8373959
45,2018-01-10,571.6912104,638.2499799,704.8087494
45,2018-01-11,604.7480945,677.951589,751.1550835
45,2018-01-12,645.420566,726.4577175,807.4948691
45,2018-01-13,682.971921,771.7330717,860.4942223
45,2018-01-14,715.581157,811.6660622,907.7509675
45,2018-01-15,477.4284858,543.5541852,609.6798847
45,2018-01-16,552.5822015,631.4092076,710.2362137
45,2018-01-17,556.5836037,638.2500471,719.9164904
45,2018-01-18,589.145445,677.9516603,766.7578756
45,2018-01-19,629.1395206,726.457794,823.7760673
45,2018-01-20,666.1057192,771.7331529,877.3605866
45,2018-01-21,698.2610268,811.6661476,925.0712684
45,2018-01-22,466.0906695,543.5542424,621.0178153
45,2018-01-23,539.6948535,631.409274,723.1236945
45,2018-01-24,543.8245191,638.2501142,732.6757094
45,2018-01-25,575.8598992,677.9517316,780.0435641
45,2018-01-26,615.1729687,726.4578704,837.7427721
45,2018-01-27,651.5389306,771.7332341,891.9275376
45,2018-01-28,683.2092362,811.666233,940.1232299
45,2018-01-29,456.1814435,543.5542996,630.9271558
45,2018-01-30,528.3720568,631.4093405,734.4466241
45,2018-01-31,532.5598332,638.2501814,743.9405296
45,2018-02-01,564.0774217,677.951803,791.8261843
45,2018-02-02,602.7344605,726.4579469,850.1814333
45,2018-02-03,638.514977,771.7333153,904.9516536
45,2018-02-04,669.7022914,811.6663185,953.6303456
45,2018-02-05,447.258673,543.5543568,639.8500407
36,2018-01-01,506.079833,540.6219298,575.1640267
36,2018-01-02,581.5315773,626.121289,670.7110007
36,2018-01-03,581.3852899,630.4715323,679.5577747
36,2018-01-04,615.8763351,672.3372365,728.7981379
36,2018-01-05,659.4963722,724.4699286,789.443485
36,2018-01-06,694.0788402,766.9824757,839.8861113
36,2018-01-07,724.3116376,804.9127035,885.5137694
36,2018-01-08,483.8679794,540.6219959,597.3760125
36,2018-01-09,557.4928634,626.1213655,694.7498675
36,2018-01-10,558.5640498,630.4716094,702.3791689
36,2018-01-11,592.7769816,672.3373187,751.8976558
36,2018-01-12,635.7461732,724.4700171,813.193861
36,2018-01-13,669.9839177,766.9825695,863.9812212
36,2018-01-14,699.993977,804.9128019,909.8316267
36,2018-01-15,468.1139462,540.622062,613.1301778
36,2018-01-16,539.8487891,626.121442,712.3940949
36,2018-01-17,541.3449653,630.4716864,719.5984075
36,2018-01-18,574.945906,672.3374009,769.7288957
36,2018-01-19,617.0565939,724.4701057,831.8836175
36,2018-01-20,650.7080301,766.9826632,883.2572963
36,2018-01-21,680.2597759,804.9129002,929.5660245
36,2018-01-22,455.1679423,540.6221281,626.0763138
36,2018-01-23,525.1879327,626.1215185,727.0551044
36,2018-01-24,526.895057,630.4717635,734.0484699
36,2018-01-25,559.8490069,672.337483,784.8259592
36,2018-01-26,601.1054748,724.4701942,847.8349137
36,2018-01-27,634.1363479,766.982757,899.829166
36,2018-01-28,663.18108,804.9129986,946.6449172
36,2018-01-29,443.8956333,540.6221941,637.348755
36,2018-01-30,512.3508863,626.1215951,739.8923038
36,2018-01-31,514.1772512,630.4718405,746.7664298
36,2018-02-01,546.4981228,672.3375652,798.1770076
36,2018-02-02,586.9364322,724.4702827,862.0041333
36,2018-02-03,619.3551239,766.9828507,914.6105774
36,2018-02-04,647.8887475,804.913097,961.9374464
36,2018-02-05,433.7658504,540.6222602,647.47867
1,2018-01-01,137.3025046,152.5924416,167.8823787
1,2018-01-02,159.2744727,177.9082497,196.5420267
1,2018-01-03,158.1358401,177.4990275,196.862215
1,2018-01-04,166.6811163,187.9738851,209.266654
1,2018-01-05,179.3173624,203.1497212,226.9820799
1,2018-01-06,188.951569,215.016032,241.080495
1,2018-01-07,197.6019762,225.8328547,254.0637333
1,2018-01-08,132.9556946,152.5924699,172.2292452
1,2018-01-09,154.3772629,177.9082827,201.4393025
1,2018-01-10,153.4036024,177.4990605,201.5945185
1,2018-01-11,161.8174801,187.97392,214.1303599
1,2018-01-12,174.2070986,203.1497589,232.0924191
1,2018-01-13,183.6847856,215.0160719,246.3473582
1,2018-01-14,192.2078547,225.8328966,259.4579386
1,2018-01-15,129.3971777,152.5924982,175.7878188
1,2018-01-16,150.3218138,177.9083157,205.4948176
1,2018-01-17,149.4444889,177.4990934,205.5536978
1,2018-01-18,157.7109827,187.9739549,218.2369271
1,2018-01-19,169.8565805,203.1497966,236.4430126
1,2018-01-20,179.1673208,215.0161118,250.8649027
1,2018-01-21,187.5495058,225.8329385,264.1163713
1,2018-01-22,126.3048033,152.5925266,178.8802498
1,2018-01-23,146.7773442,177.9083487,209.0393532
1,2018-01-24,145.9658832,177.4991263,209.0323694
1,2018-01-25,154.0852009,187.9739898,221.8627786
1,2018-01-26,165.997883,203.1498342,240.3017855
1,2018-01-27,175.1436063,215.0161517,254.888697
1,2018-01-28,183.3839399,225.8329804,268.282021
1,2018-01-29,123.5293512,152.5925549,181.6557586
1,2018-01-30,143.5851361,177.9083817,212.2316273
1,2018-01-31,142.822826,177.4991592,212.1754925
1,2018-02-01,150.7991604,187.9740246,225.1488889
1,2018-02-02,162.4906843,203.1498719,243.8090596
1,2018-02-03,171.4764808,215.0161915,258.5559023
1,2018-02-04,179.5777728,225.8330223,272.0882719
1,2018-02-05,120.9871797,152.5925832,184.1979867
23,2018-01-01,177.128737,194.449475,211.770213
23,2018-01-02,205.9597775,227.5174065,249.0750356
23,2018-01-03,206.7782486,229.7815276,252.7848066
23,2018-01-04,218.5155733,244.2054341,269.8952949
23,2018-01-05,233.1629395,261.996763,290.8305865
23,2018-01-06,243.689159,275.2641459,306.8391329
23,2018-01-07,256.0849116,290.7356509,325.3863901
23,2018-01-08,170.4348073,194.449509,218.4642107
23,2018-01-09,198.4695368,227.5174463,256.5653558
23,2018-01-10,199.5156351,229.7815678,260.0475004
23,2018-01-11,211.0812313,244.2054768,277.3297223
23,2018-01-12,225.4593575,261.9968087,298.53426
23,2018-01-13,235.8532523,275.264194,314.6751358
23,2018-01-14,248.0555634,290.7357017,333.41584
23,2018-01-15,165.2154706,194.449543,223.6836155
23,2018-01-16,192.5244609,227.5174861,262.5105112
23,2018-01-17,193.6621074,229.7816079,265.9011084
23,2018-01-18,205.0085614,244.2055195,283.4024776
23,2018-01-19,219.0921373,261.9968545,304.9015718
23,2018-01-20,229.308483,275.2642422,321.2200013
23,2018-01-21,241.2860966,290.7357525,340.1854084
23,2018-01-22,160.7777982,194.449577,228.1213558
23,2018-01-23,187.4309804,227.5175258,267.6040713
23,2018-01-24,188.6120797,229.7816481,270.9512164
23,2018-01-25,199.7360759,244.2055622,288.6750484
23,2018-01-26,213.5315772,261.9969003,310.4622234
23,2018-01-27,223.5620741,275.2642903,326.9665064
23,2018-01-28,235.312805,290.7358033,346.1588016
23,2018-01-29,156.8439671,194.449611,232.0552549
23,2018-01-30,182.8964218,227.5175656,272.1387094
23,2018-01-31,184.098218,229.7816882,275.4651585
23,2018-02-01,195.005754,244.2056048,293.4054557
23,2018-02-02,208.5253309,261.9969461,315.4685613
23,2018-02-03,218.3714972,275.2643384,332.1571796
23,2018-02-04,229.9006071,290.7358541,351.5711011
23,2018-02-05,153.269264,194.449645,235.6300259
12,2018-01-01,444.9711667,476.4064894,507.8418121
12,2018-01-02,511.8717002,551.4049515,590.9382028
12,2018-01-03,510.5590124,553.1436873,595.7283622
12,2018-01-04,545.6002035,594.296314,642.9924244
12,2018-01-05,577.5608387,632.3273528,687.0938669
12,2018-01-06,609.6123857,670.6743049,731.736224
12,2018-01-07,639.9540355,707.3471737,774.7403119
12,2018-01-08,429.0850841,476.406543,523.7280019
12,2018-01-09,494.4862237,551.4050135,608.3238034
12,2018-01-10,493.9683914,553.1437495,612.3191077
12,2018-01-11,528.5615992,594.2963809,660.0311625
12,2018-01-12,560.1630125,632.327424,704.4918355
12,2018-01-13,591.8451861,670.6743804,749.5035746
12,2018-01-14,621.8610777,707.3472533,792.8334289
12,2018-01-15,417.2910296,476.4065967,535.5221637
12,2018-01-16,481.2464447,551.4050756,621.5637066
12,2018-01-17,481.0629972,553.1438118,625.2246264
12,2018-01-18,515.0667838,594.2964477,673.5261117
12,2018-01-19,546.1681833,632.3274952,718.4868071
12,2018-01-20,577.3586094,670.6744559,763.9903023
12,2018-01-21,606.9322039,707.3473329,807.762462
12,2018-01-22,407.4560671,476.4066503,545.3572335
12,2018-01-23,470.1010705,551.4051377,632.7092049
12,2018-01-24,470.1063168,553.1438741,636.1814313
12,2018-01-25,503.5211467,594.2965146,685.0718826
12,2018-01-26,534.1106124,632.3275664,730.5445204
12,2018-01-27,564.7972353,670.6745313,776.5518274
12,2018-01-28,593.9110787,707.3474125,820.7837464
12,2018-01-29,398.8313695,476.4067039,553.9820383
12,2018-01-30,460.2782497,551.4051997,642.5321498
12,2018-01-31,460.4049571,553.1439363,645.8829155
12,2018-02-01,493.2541806,594.2965815,695.3389824
12,2018-02-02,523.3452712,632.3276375,741.3100039
12,2018-02-03,553.539925,670.6746068,787.8092887
12,2018-02-04,582.2006647,707.3474922,832.4943196
12,2018-02-05,391.049197,476.4067575,561.7643181
6,2018-01-01,353.1239399,380.6879739,408.252008
6,2018-01-02,408.2223458,442.3904048,476.5584638
6,2018-01-03,407.6333805,443.9394488,480.245517
6,2018-01-04,433.2739971,474.0883269,514.9026567
6,2018-01-05,460.5009203,506.1533573,551.8057944
6,2018-01-06,489.267889,540.1037784,590.9396678
6,2018-01-07,515.850572,571.8293436,627.8081151
6,2018-01-08,342.0369926,380.688019,419.3390454
6,2018-01-09,395.9224143,442.3904572,488.8585001
6,2018-01-10,395.8006459,443.9395013,492.0783568
6,2018-01-11,421.1180629,474.088383,527.0587031
6,2018-01-12,447.9796285,506.1534172,564.327206
6,2018-01-13,476.3446654,540.1038423,603.8630192
6,2018-01-14,502.5879028,571.8294112,641.0709197
6,2018-01-15,333.4621693,380.688064,427.9139588
6,2018-01-16,386.2286756,442.3905096,498.5523435
6,2018-01-17,386.3232298,443.9395539,501.5558779
6,2018-01-18,411.2441417,474.0884391,536.9327366
6,2018-01-19,437.6828119,506.1534772,574.6241424
6,2018-01-20,465.6006748,540.1039062,614.6071377
6,2018-01-21,491.4537553,571.8294789,652.2052025
6,2018-01-22,326.2001949,380.6881091,435.1760233
6,2018-01-23,377.9539,442.3905619,506.8272238
6,2018-01-24,378.1747661,443.9396064,509.7044467
6,2018-01-25,402.698909,474.0884952,545.4780815
6,2018-01-26,428.7178592,506.1535371,583.5892149
6,2018-01-27,456.1945056,540.1039702,624.0134347
6,2018-01-28,481.6561032,571.8295466,662.0029901
6,2018-01-29,319.7796016,380.6881542,441.5967067
6,2018-01-30,370.605631,442.3906143,514.1755976
6,2018-01-31,370.9089864,443.939659,516.9703315
6,2018-02-01,395.0501585,474.0885514,553.1269442
6,2018-02-02,420.6646582,506.153597,591.6425357
6,2018-02-03,447.7165517,540.1040341,632.4915165
6,2018-02-04,472.7973916,571.8296143,670.861837
6,2018-02-05,313.957029,380.6881992,447.4193694
49,2018-01-01,178.9208092,197.4798434,216.0388777
49,2018-01-02,205.6560296,228.8966097,252.1371898
49,2018-01-03,206.272576,231.3947742,256.5169724
49,2018-01-04,218.4958487,246.938416,275.3809834
49,2018-01-05,231.2888348,263.2587075,295.2285802
49,2018-01-06,242.8686172,278.326049,313.7834809
49,2018-01-07,255.1452789,294.3158602,333.4864414
49,2018-01-08,170.1173123,197.4798868,224.8424613
49,2018-01-09,195.9763749,228.8966599,261.8169449
49,2018-01-10,196.9394451,231.394825,265.8502049
49,2018-01-11,208.9541691,246.9384702,284.9227714
49,2018-01-12,221.5083984,263.2587653,305.0091322
49,2018-01-13,232.8963149,278.3261102,323.7559054
49,2018-01-14,244.9487008,294.3159248,343.6831488
49,2018-01-15,163.4869658,197.4799302,231.4728945
49,2018-01-16,188.5138037,228.8967102,269.2796167
49,2018-01-17,189.6011804,231.3948758,273.1885712
49,2018-01-18,201.324772,246.9385245,292.5522769
49,2018-01-19,213.573405,263.2588231,312.9442412
49,2018-01-20,224.7018488,278.3261713,331.9504938
49,2018-01-21,236.4750027,294.3159894,352.1569761
49,2018-01-22,157.9213194,197.4799735,237.0386277
49,2018-01-23,182.1929285,228.8967604,275.6005924
49,2018-01-24,183.3349009,231.3949266,279.4549523
49,2018-01-25,194.761702,246.9385787,299.1154553
49,2018-01-26,206.7014403,263.2588809,319.8163215
49,2018-01-27,217.5613883,278.3262324,339.0910764
49,2018-01-28,229.0493638,294.316054,359.5827442
49,2018-01-29,153.0185392,197.4800169,241.9414946
49,2018-01-30,176.5979286,228.8968107,281.1956928
49,2018-01-31,177.7633211,231.3949774,285.0266337
49,2018-02-01,188.9018479,246.9386329,304.9754178
49,2018-02-02,200.5418621,263.2589387,325.9760153
49,2018-02-03,211.1378033,278.3262935,345.5147837
49,2018-02-04,222.3463894,294.3161186,366.2858479
49,2018-02-05,148.5786757,197.4800602,246.3814448
,,,,
